instant,dteday,season,yr,mnth,hr,holiday,weekday,weathersit,temp,atemp,hum,windspeed,casual,registered,cnt
1,2011-01-01,1,0,1,0,False,6,1,0.24,0.2879,0.81,0.0,3,13,16.0
2,2011-01-01,1,0,1,1,False,6,1,0.22,0.2727,0.8,0.0,8,32,40.0
3,2011-01-01,1,0,1,2,False,6,1,0.22,0.2727,0.8,0.0,5,27,32.0
4,2011-01-01,1,0,1,3,False,6,1,0.24,0.2879,0.75,0.0,3,10,13.0
5,2011-01-01,1,0,1,4,False,6,1,0.24,0.2879,0.75,0.0,0,1,1.0
6,2011-01-01,1,0,1,5,False,6,2,0.24,0.2576,0.75,0.0896,0,1,1.0
7,2011-01-01,1,0,1,6,False,6,1,0.22,0.2727,0.8,0.0,2,0,2.0
8,2011-01-01,1,0,1,7,False,6,1,0.2,0.2576,0.86,0.0,1,2,3.0
9,2011-01-01,1,0,1,8,False,6,1,0.24,0.197,0.75,0.0,1,7,8.0
10,2011-01-01,1,0,1,9,False,6,1,0.32,0.3485,0.76,0.0,8,6,14.0
11,2011-01-01,1,0,1,10,False,6,1,0.38,0.3939,0.76,0.2537,12,24,36.0
12,2011-01-01,1,0,1,11,False,6,1,0.36,0.3333,0.81,0.2836,26,30,56.0
13,2011-01-01,1,0,1,12,False,6,1,0.42,0.4242,0.77,0.2836,29,55,84.0
14,2011-01-01,1,0,1,13,False,6,2,0.46,0.4545,0.72,0.2985,47,47,94.0
15,2011-01-01,1,0,1,14,False,6,2,0.46,0.4545,0.72,0.2836,35,71,106.0
16,2011-01-01,1,0,1,15,False,6,2,0.44,0.4394,0.77,0.2985,40,70,110.0
17,2011-01-01,1,0,1,16,False,6,2,0.42,0.4242,0.82,0.2985,41,52,93.0
18,2011-01-01,1,0,1,17,False,6,2,0.44,0.197,0.82,0.2836,15,52,67.0
19,2011-01-01,1,0,1,18,False,6,3,0.42,0.4242,0.88,0.2537,9,26,35.0
20,2011-01-01,1,0,1,19,False,6,3,0.42,0.4242,0.88,0.2537,6,31,37.0
21,2011-01-01,1,0,1,20,False,6,2,0.4,0.4091,0.87,0.2537,11,25,36.0
22,2011-01-01,1,0,1,21,False,6,2,0.4,0.4091,0.87,0.194,3,31,34.0
23,2011-01-01,1,0,1,22,False,6,2,0.4,0.4091,0.94,0.2239,11,17,28.0
24,2011-01-01,1,0,1,23,False,6,2,0.46,0.197,0.88,0.2985,15,24,39.0
25,2011-01-02,1,0,1,0,False,0,2,0.46,0.4545,0.88,0.2985,4,13,17.0
26,2011-01-02,1,0,1,1,False,0,2,0.44,0.4394,0.94,0.2537,1,16,17.0
27,2011-01-02,1,0,1,2,False,0,2,0.42,0.4242,1.0,0.2836,1,8,9.0
28,2011-01-02,1,0,1,3,False,0,2,0.46,0.4545,0.94,0.194,2,4,6.0
29,2011-01-02,1,0,1,4,False,0,2,0.46,0.197,0.94,0.194,2,1,3.0
30,2011-01-02,1,0,1,6,False,0,3,0.42,0.4242,0.77,0.2985,0,2,2.0
31,2011-01-02,1,0,1,7,False,0,2,0.4,0.4091,0.76,0.194,0,1,1.0
32,2011-01-02,1,0,1,8,False,0,3,0.4,0.4091,0.71,0.2239,0,8,8.0
33,2011-01-02,1,0,1,9,False,0,2,0.38,0.197,0.76,0.2239,1,19,20.0
34,2011-01-02,1,0,1,10,False,0,2,0.36,0.3485,0.81,0.2239,7,46,53.0
35,2011-01-02,1,0,1,11,False,0,2,0.36,0.3333,0.71,0.2537,16,54,70.0
36,2011-01-02,1,0,1,12,False,0,2,0.36,0.3333,0.66,0.2985,20,73,93.0
37,2011-01-02,1,0,1,13,False,0,2,0.36,0.3485,0.66,0.1343,11,64,75.0
38,2011-01-02,1,0,1,14,False,0,3,0.36,0.197,0.76,0.194,4,55,59.0
39,2011-01-02,1,0,1,15,False,0,3,0.34,0.3333,0.81,0.1642,19,55,74.0
40,2011-01-02,1,0,1,16,False,0,3,0.34,0.3333,0.71,0.1642,9,67,76.0
41,2011-01-02,1,0,1,17,False,0,1,0.34,0.3333,0.57,0.194,7,58,65.0
42,2011-01-02,1,0,1,18,False,0,2,0.36,0.3333,0.46,0.3284,10,43,53.0
43,2011-01-02,1,0,1,19,False,0,1,0.32,0.2879,0.42,0.4478,1,29,30.0
44,2011-01-02,1,0,1,20,False,0,1,0.3,0.197,0.39,0.3582,5,17,22.0
45,2011-01-02,1,0,1,21,False,0,1,0.26,0.2273,0.44,0.3284,11,20,31.0
46,2011-01-02,1,0,1,22,False,0,1,0.24,0.2121,0.44,0.2985,0,9,9.0
47,2011-01-02,1,0,1,23,False,0,1,0.22,0.2273,0.47,0.1642,0,8,8.0
48,2011-01-03,1,0,1,0,False,1,1,0.22,0.197,0.44,0.3582,0,5,5.0
49,2011-01-03,1,0,1,1,False,1,1,0.2,0.197,0.44,0.4179,0,2,2.0
50,2011-01-03,1,0,1,4,False,1,1,0.16,0.1364,0.47,0.3881,0,1,1.0
51,2011-01-03,1,0,1,5,False,1,1,0.16,0.1364,0.47,0.2836,0,3,3.0
52,2011-01-03,1,0,1,6,False,1,1,0.14,0.1061,0.5,0.3881,0,30,30.0
53,2011-01-03,1,0,1,7,False,1,1,0.14,0.1364,0.5,0.194,1,63,64.0
54,2011-01-03,1,0,1,8,False,1,1,0.14,0.1212,0.5,0.2836,1,153,154.0
55,2011-01-03,1,0,1,9,False,1,1,0.16,0.1364,0.43,0.3881,7,81,88.0
56,2011-01-03,1,0,1,10,False,1,1,0.18,0.1667,0.43,0.2537,11,33,44.0
57,2011-01-03,1,0,1,11,False,1,1,0.2,0.1818,0.4,0.3284,10,41,51.0
58,2011-01-03,1,0,1,12,False,1,1,0.22,0.2121,0.35,0.2985,13,48,61.0
59,2011-01-03,1,0,1,13,False,1,1,0.24,0.197,0.35,0.2836,8,53,61.0
60,2011-01-03,1,0,1,14,False,1,1,0.26,0.2424,0.3,0.2836,11,66,77.0
61,2011-01-03,1,0,1,15,False,1,1,0.26,0.2424,0.3,0.2537,14,58,72.0
62,2011-01-03,1,0,1,16,False,1,1,0.26,0.2424,0.3,0.2537,9,67,76.0
63,2011-01-03,1,0,1,17,False,1,1,0.24,0.2273,0.3,0.2239,11,146,157.0
64,2011-01-03,1,0,1,18,False,1,1,0.24,0.2576,0.32,0.1045,9,148,157.0
65,2011-01-03,1,0,1,19,False,1,1,0.2,0.2576,0.47,0.0,8,102,110.0
66,2011-01-03,1,0,1,20,False,1,1,0.2,0.197,0.47,0.1045,3,49,52.0
67,2011-01-03,1,0,1,21,False,1,1,0.18,0.197,0.64,0.1343,3,49,52.0
68,2011-01-03,1,0,1,22,False,1,1,0.14,0.1515,0.69,0.1343,0,20,20.0
69,2011-01-03,1,0,1,23,False,1,1,0.18,0.2121,0.55,0.1045,1,11,12.0
70,2011-01-04,1,0,1,0,False,2,1,0.16,0.197,0.55,0.1045,0,5,5.0
71,2011-01-04,1,0,1,1,False,2,1,0.16,0.1818,0.59,0.1045,0,2,2.0
72,2011-01-04,1,0,1,2,False,2,1,0.14,0.1515,0.63,0.1343,0,1,1.0
73,2011-01-04,1,0,1,4,False,2,1,0.14,0.1818,0.63,0.0896,0,2,2.0
74,2011-01-04,1,0,1,5,False,2,1,0.12,0.1515,0.68,0.1045,0,4,4.0
75,2011-01-04,1,0,1,6,False,2,1,0.12,0.1515,0.74,0.1045,0,36,36.0
76,2011-01-04,1,0,1,7,False,2,1,0.12,0.1515,0.74,0.1343,2,92,94.0
77,2011-01-04,1,0,1,8,False,2,1,0.14,0.1515,0.69,0.1642,2,177,179.0
78,2011-01-04,1,0,1,9,False,2,1,0.16,0.1515,0.64,0.2239,2,98,100.0
79,2011-01-04,1,0,1,10,False,2,2,0.16,0.1364,0.69,0.3284,5,37,42.0
80,2011-01-04,1,0,1,11,False,2,1,0.22,0.2121,0.51,0.2985,7,50,57.0
81,2011-01-04,1,0,1,12,False,2,1,0.22,0.2273,0.51,0.1642,12,66,78.0
82,2011-01-04,1,0,1,13,False,2,1,0.24,0.2273,0.56,0.194,18,79,97.0
83,2011-01-04,1,0,1,14,False,2,1,0.26,0.2576,0.52,0.2239,9,54,63.0
84,2011-01-04,1,0,1,15,False,2,1,0.28,0.2727,0.52,0.2537,17,48,65.0
85,2011-01-04,1,0,1,16,False,2,1,0.3,0.2879,0.49,0.2537,15,68,83.0
86,2011-01-04,1,0,1,17,False,2,1,0.28,0.2727,0.48,0.2239,10,202,49.0
87,2011-01-04,1,0,1,18,False,2,1,0.26,0.2576,0.48,0.194,3,179,182.0
88,2011-01-04,1,0,1,19,False,2,1,0.24,0.2576,0.48,0.1045,2,110,112.0
89,2011-01-04,1,0,1,20,False,2,1,0.24,0.2576,0.48,0.1045,1,53,54.0
90,2011-01-04,1,0,1,21,False,2,1,0.22,0.2727,0.64,0.0,0,48,48.0
91,2011-01-04,1,0,1,22,False,2,1,0.22,0.2576,0.64,0.0896,1,34,35.0
92,2011-01-04,1,0,1,23,False,2,1,0.2,0.2273,0.69,0.0896,2,9,11.0
93,2011-01-05,1,0,1,0,False,3,1,0.2,0.2576,0.64,0.0,0,6,6.0
94,2011-01-05,1,0,1,1,False,3,1,0.16,0.197,0.74,0.0896,0,6,6.0
95,2011-01-05,1,0,1,2,False,3,1,0.16,0.197,0.74,0.0896,0,2,2.0
96,2011-01-05,1,0,1,4,False,3,1,0.24,0.2273,0.48,0.2239,0,2,2.0
97,2011-01-05,1,0,1,5,False,3,1,0.22,0.2273,0.47,0.1642,0,3,3.0
98,2011-01-05,1,0,1,6,False,3,1,0.2,0.197,0.47,0.2239,0,33,33.0
99,2011-01-05,1,0,1,7,False,3,1,0.18,0.1818,0.43,0.194,1,87,88.0
100,2011-01-05,1,0,1,8,False,3,1,0.2,0.1818,0.4,0.2985,3,192,49.0
101,2011-01-05,1,0,1,9,False,3,1,0.22,0.197,0.37,0.3284,6,109,115.0
102,2011-01-05,1,0,1,10,False,3,1,0.22,0.197,0.37,0.3284,4,53,57.0
103,2011-01-05,1,0,1,11,False,3,1,0.26,0.2273,0.33,0.3284,12,34,46.0
104,2011-01-05,1,0,1,12,False,3,1,0.26,0.2273,0.33,0.3284,5,74,79.0
105,2011-01-05,1,0,1,13,False,3,1,0.28,0.2576,0.3,0.2985,6,65,71.0
106,2011-01-05,1,0,1,14,False,3,1,0.3,0.2879,0.28,0.194,10,52,62.0
107,2011-01-05,1,0,1,15,False,3,1,0.3,0.2879,0.28,0.194,7,55,62.0
108,2011-01-05,1,0,1,16,False,3,1,0.3,0.3182,0.28,0.0896,4,85,89.0
109,2011-01-05,1,0,1,17,False,3,1,0.24,0.2273,0.38,0.194,4,186,49.0
110,2011-01-05,1,0,1,18,False,3,1,0.24,0.2424,0.38,0.1343,3,166,169.0
111,2011-01-05,1,0,1,19,False,3,1,0.24,0.2576,0.38,0.1045,5,127,132.0
112,2011-01-05,1,0,1,20,False,3,1,0.22,0.2273,0.47,0.1642,7,82,89.0
113,2011-01-05,1,0,1,21,False,3,1,0.2,0.197,0.51,0.194,3,40,43.0
114,2011-01-05,1,0,1,22,False,3,1,0.18,0.197,0.55,0.1343,1,41,42.0
115,2011-01-05,1,0,1,23,False,3,1,0.2,0.2576,0.47,0.0,1,18,19.0
116,2011-01-06,1,0,1,0,False,4,1,0.18,0.2424,0.55,0.0,0,11,11.0
117,2011-01-06,1,0,1,1,False,4,1,0.16,0.2273,0.64,0.0,0,4,4.0
118,2011-01-06,1,0,1,2,False,4,1,0.16,0.2273,0.64,0.0,0,2,2.0
119,2011-01-06,1,0,1,4,False,4,2,0.16,0.197,0.64,0.0896,0,1,1.0
120,2011-01-06,1,0,1,5,False,4,2,0.14,0.1818,0.69,0.0896,0,4,4.0
121,2011-01-06,1,0,1,6,False,4,2,0.14,0.1667,0.63,0.1045,0,36,36.0
122,2011-01-06,1,0,1,7,False,4,2,0.16,0.2273,0.59,0.0,0,95,95.0
123,2011-01-06,1,0,1,8,False,4,1,0.16,0.2273,0.59,0.0,3,216,49.0
124,2011-01-06,1,0,1,9,False,4,2,0.18,0.2424,0.51,0.0,6,116,122.0
125,2011-01-06,1,0,1,10,False,4,1,0.2,0.2576,0.47,0.0,3,42,45.0
126,2011-01-06,1,0,1,11,False,4,1,0.22,0.2576,0.44,0.0896,2,57,59.0
127,2011-01-06,1,0,1,12,False,4,1,0.26,0.2879,0.35,0.0,6,78,84.0
128,2011-01-06,1,0,1,13,False,4,1,0.26,0.2727,0.35,0.1045,12,55,67.0
129,2011-01-06,1,0,1,14,False,4,1,0.28,0.2727,0.36,0.1642,11,59,70.0
130,2011-01-06,1,0,1,15,False,4,1,0.28,0.2727,0.36,0.0,8,54,62.0
131,2011-01-06,1,0,1,16,False,4,1,0.26,0.2576,0.38,0.1642,12,74,86.0
132,2011-01-06,1,0,1,17,False,4,1,0.22,0.2273,0.51,0.1642,9,163,172.0
133,2011-01-06,1,0,1,18,False,4,1,0.22,0.2273,0.51,0.1343,5,158,163.0
134,2011-01-06,1,0,1,19,False,4,1,0.22,0.2576,0.55,0.0896,3,109,112.0
135,2011-01-06,1,0,1,20,False,4,1,0.2,0.2121,0.51,0.1642,3,66,69.0
136,2011-01-06,1,0,1,21,False,4,2,0.22,0.2121,0.55,0.2239,0,48,48.0
137,2011-01-06,1,0,1,22,False,4,2,0.22,0.2121,0.51,0.2836,1,51,52.0
138,2011-01-06,1,0,1,23,False,4,2,0.2,0.197,0.59,0.194,4,19,23.0
139,2011-01-07,1,0,1,0,False,5,2,0.2,0.197,0.64,0.194,4,13,17.0
140,2011-01-07,1,0,1,1,False,5,2,0.2,0.197,0.69,0.2239,2,5,7.0
141,2011-01-07,1,0,1,2,False,5,2,0.2,0.197,0.69,0.2239,0,1,1.0
142,2011-01-07,1,0,1,4,False,5,2,0.2,0.2121,0.69,0.1343,0,1,1.0
143,2011-01-07,1,0,1,5,False,5,3,0.22,0.2727,0.55,0.0,0,5,5.0
144,2011-01-07,1,0,1,6,False,5,2,0.2,0.2576,0.69,0.0,8,26,34.0
145,2011-01-07,1,0,1,7,False,5,1,0.2,0.2121,0.69,0.1343,8,76,84.0
146,2011-01-07,1,0,1,8,False,5,1,0.2,0.197,0.51,0.2537,20,190,49.0
147,2011-01-07,1,0,1,9,False,5,1,0.2,0.1818,0.47,0.2985,9,125,134.0
148,2011-01-07,1,0,1,10,False,5,1,0.22,0.197,0.37,0.3284,16,47,63.0
149,2011-01-07,1,0,1,11,False,5,2,0.2,0.197,0.4,0.2239,19,48,67.0
150,2011-01-07,1,0,1,12,False,5,2,0.2,0.197,0.37,0.2537,9,50,59.0
151,2011-01-07,1,0,1,13,False,5,2,0.2,0.1818,0.37,0.2836,9,64,73.0
152,2011-01-07,1,0,1,14,False,5,2,0.2,0.197,0.4,0.2537,7,43,50.0
153,2011-01-07,1,0,1,15,False,5,2,0.2,0.2121,0.37,0.1642,9,63,72.0
154,2011-01-07,1,0,1,16,False,5,2,0.2,0.2121,0.37,0.1642,5,82,87.0
155,2011-01-07,1,0,1,17,False,5,2,0.2,0.2576,0.37,0.0,9,178,49.0
156,2011-01-07,1,0,1,18,False,5,1,0.2,0.2273,0.4,0.0896,7,116,123.0
157,2011-01-07,1,0,1,19,False,5,1,0.16,0.197,0.55,0.0896,3,92,95.0
158,2011-01-07,1,0,1,20,False,5,1,0.18,0.2121,0.47,0.1045,1,50,51.0
159,2011-01-07,1,0,1,21,False,5,1,0.18,0.197,0.47,0.1343,0,39,39.0
160,2011-01-07,1,0,1,22,False,5,2,0.18,0.197,0.43,0.1642,2,34,36.0
161,2011-01-07,1,0,1,23,False,5,2,0.18,0.197,0.51,0.1642,1,14,15.0
162,2011-01-08,1,0,1,0,False,6,2,0.18,0.197,0.51,0.1642,1,24,25.0
163,2011-01-08,1,0,1,1,False,6,2,0.18,0.2121,0.55,0.0896,1,15,16.0
164,2011-01-08,1,0,1,2,False,6,2,0.18,0.2424,0.55,0.0,3,13,16.0
165,2011-01-08,1,0,1,3,False,6,3,0.18,0.197,0.55,0.1642,0,7,7.0
166,2011-01-08,1,0,1,4,False,6,3,0.18,0.197,0.55,0.1642,0,1,1.0
167,2011-01-08,1,0,1,5,False,6,2,0.16,0.1667,0.74,0.1642,0,5,5.0
168,2011-01-08,1,0,1,6,False,6,2,0.16,0.1667,0.74,0.1642,0,2,2.0
169,2011-01-08,1,0,1,7,False,6,2,0.16,0.1818,0.74,0.1045,1,8,9.0
170,2011-01-08,1,0,1,8,False,6,3,0.16,0.1818,0.93,0.1045,0,15,15.0
171,2011-01-08,1,0,1,9,False,6,3,0.16,0.1818,0.93,0.1045,0,20,20.0
172,2011-01-08,1,0,1,10,False,6,2,0.18,0.197,0.8,0.1642,5,56,61.0
173,2011-01-08,1,0,1,11,False,6,2,0.2,0.1818,0.69,0.3881,2,60,62.0
174,2011-01-08,1,0,1,12,False,6,2,0.2,0.1818,0.59,0.3582,8,90,98.0
175,2011-01-08,1,0,1,13,False,6,1,0.2,0.1818,0.44,0.3284,7,95,102.0
176,2011-01-08,1,0,1,14,False,6,1,0.2,0.1667,0.32,0.4925,12,83,95.0
177,2011-01-08,1,0,1,15,False,6,1,0.2,0.1667,0.32,0.4478,5,69,74.0
178,2011-01-08,1,0,1,16,False,6,1,0.18,0.1364,0.29,0.4478,8,68,76.0
179,2011-01-08,1,0,1,17,False,6,1,0.16,0.1212,0.37,0.5522,5,64,69.0
180,2011-01-08,1,0,1,18,False,6,1,0.14,0.1212,0.39,0.2985,3,52,55.0
181,2011-01-08,1,0,1,19,False,6,1,0.14,0.1212,0.36,0.2537,4,26,30.0
182,2011-01-08,1,0,1,20,False,6,1,0.12,0.1212,0.36,0.2537,0,28,28.0
183,2011-01-08,1,0,1,21,False,6,1,0.12,0.1061,0.39,0.3582,2,35,37.0
184,2011-01-08,1,0,1,22,False,6,1,0.12,0.1061,0.36,0.3881,1,33,34.0
185,2011-01-08,1,0,1,23,False,6,1,0.1,0.0606,0.39,0.4478,0,22,22.0
186,2011-01-09,1,0,1,0,False,0,1,0.1,0.0758,0.42,0.3881,1,24,25.0
187,2011-01-09,1,0,1,1,False,0,1,0.1,0.0606,0.42,0.4627,0,12,12.0
188,2011-01-09,1,0,1,2,False,0,1,0.1,0.0606,0.46,0.4627,0,11,11.0
189,2011-01-09,1,0,1,3,False,0,1,0.1,0.0758,0.46,0.4179,0,4,4.0
190,2011-01-09,1,0,1,4,False,0,1,0.08,0.0909,0.53,0.194,0,1,1.0
191,2011-01-09,1,0,1,5,False,0,1,0.08,0.0909,0.53,0.194,0,1,1.0
192,2011-01-09,1,0,1,6,False,0,1,0.1,0.0909,0.49,0.2836,0,1,1.0
193,2011-01-09,1,0,1,7,False,0,1,0.08,0.0909,0.53,0.194,1,5,6.0
194,2011-01-09,1,0,1,8,False,0,1,0.1,0.0909,0.49,0.2836,0,10,10.0
195,2011-01-09,1,0,1,9,False,0,1,0.12,0.0758,0.46,0.5224,0,19,19.0
196,2011-01-09,1,0,1,10,False,0,1,0.14,0.1061,0.43,0.3881,0,49,49.0
197,2011-01-09,1,0,1,11,False,0,1,0.16,0.1212,0.4,0.5224,2,47,49.0
198,2011-01-09,1,0,1,12,False,0,1,0.18,0.1364,0.37,0.4478,4,79,83.0
199,2011-01-09,1,0,1,13,False,0,1,0.2,0.1667,0.34,0.4478,6,69,75.0
200,2011-01-09,1,0,1,14,False,0,1,0.22,0.1818,0.32,0.4627,8,64,72.0
201,2011-01-09,1,0,1,15,False,0,1,0.22,0.197,0.35,0.3582,5,77,82.0
202,2011-01-09,1,0,1,16,False,0,1,0.2,0.1667,0.34,0.4478,13,79,92.0
203,2011-01-09,1,0,1,17,False,0,1,0.18,0.1515,0.37,0.3881,3,59,62.0
204,2011-01-09,1,0,1,18,False,0,1,0.16,0.1364,0.4,0.3284,4,44,48.0
205,2011-01-09,1,0,1,19,False,0,1,0.16,0.1364,0.43,0.3284,1,40,41.0
206,2011-01-09,1,0,1,20,False,0,1,0.14,0.1212,0.46,0.2537,0,38,38.0
207,2011-01-09,1,0,1,21,False,0,1,0.14,0.1061,0.46,0.4179,1,19,20.0
208,2011-01-09,1,0,1,22,False,0,1,0.14,0.1212,0.46,0.2985,5,10,15.0
209,2011-01-09,1,0,1,23,False,0,1,0.12,0.1364,0.5,0.194,0,6,6.0
210,2011-01-10,1,0,1,0,False,1,1,0.12,0.1212,0.5,0.2836,2,3,5.0
211,2011-01-10,1,0,1,1,False,1,1,0.12,0.1212,0.5,0.2836,1,0,1.0
212,2011-01-10,1,0,1,2,False,1,1,0.12,0.1212,0.5,0.2239,0,3,3.0
213,2011-01-10,1,0,1,3,False,1,1,0.12,0.1212,0.5,0.2239,0,1,1.0
214,2011-01-10,1,0,1,4,False,1,1,0.1,0.1212,0.54,0.1343,1,2,3.0
215,2011-01-10,1,0,1,5,False,1,1,0.1,0.1061,0.54,0.2537,0,3,3.0
216,2011-01-10,1,0,1,6,False,1,1,0.12,0.1212,0.5,0.2836,0,31,31.0
217,2011-01-10,1,0,1,7,False,1,1,0.12,0.1212,0.5,0.2239,2,75,77.0
218,2011-01-10,1,0,1,8,False,1,2,0.12,0.1212,0.5,0.2836,4,184,49.0
219,2011-01-10,1,0,1,9,False,1,2,0.14,0.1212,0.5,0.2537,2,92,94.0
220,2011-01-10,1,0,1,10,False,1,2,0.14,0.1212,0.5,0.2985,0,31,31.0
221,2011-01-10,1,0,1,11,False,1,2,0.16,0.1364,0.47,0.2836,2,28,30.0
222,2011-01-10,1,0,1,12,False,1,2,0.2,0.1818,0.4,0.2836,5,47,52.0
223,2011-01-10,1,0,1,13,False,1,2,0.2,0.1818,0.4,0.2836,4,50,54.0
224,2011-01-10,1,0,1,14,False,1,2,0.2,0.197,0.4,0.2239,0,47,47.0
225,2011-01-10,1,0,1,15,False,1,2,0.2,0.197,0.4,0.2239,2,43,45.0
226,2011-01-10,1,0,1,16,False,1,1,0.2,0.2121,0.4,0.1343,4,70,74.0
227,2011-01-10,1,0,1,17,False,1,1,0.2,0.2273,0.4,0.1045,4,174,178.0
228,2011-01-10,1,0,1,18,False,1,1,0.2,0.197,0.4,0.2239,1,154,155.0
229,2011-01-10,1,0,1,19,False,1,1,0.16,0.1667,0.47,0.1642,3,92,95.0
230,2011-01-10,1,0,1,20,False,1,1,0.16,0.1667,0.5,0.1642,1,73,74.0
231,2011-01-10,1,0,1,21,False,1,1,0.14,0.1364,0.59,0.194,1,37,38.0
232,2011-01-10,1,0,1,22,False,1,1,0.14,0.1515,0.59,0.1642,2,22,24.0
233,2011-01-10,1,0,1,23,False,1,1,0.14,0.1515,0.59,0.1642,0,18,18.0
234,2011-01-11,1,0,1,0,False,2,1,0.14,0.1667,0.59,0.1045,2,10,12.0
235,2011-01-11,1,0,1,1,False,2,1,0.14,0.1515,0.59,0.1642,0,3,3.0
236,2011-01-11,1,0,1,2,False,2,2,0.16,0.1515,0.55,0.194,0,3,3.0
237,2011-01-11,1,0,1,5,False,2,2,0.16,0.1818,0.55,0.1343,0,6,6.0
238,2011-01-11,1,0,1,6,False,2,2,0.16,0.1818,0.55,0.1343,0,27,27.0
239,2011-01-11,1,0,1,7,False,2,2,0.16,0.2273,0.55,0.0,2,97,99.0
240,2011-01-11,1,0,1,8,False,2,2,0.18,0.2121,0.51,0.0896,3,214,49.0
241,2011-01-11,1,0,1,9,False,2,2,0.18,0.197,0.51,0.1642,3,127,130.0
242,2011-01-11,1,0,1,10,False,2,2,0.2,0.2121,0.51,0.1642,3,51,54.0
243,2011-01-11,1,0,1,11,False,2,2,0.2,0.2121,0.47,0.1343,4,31,35.0
244,2011-01-11,1,0,1,12,False,2,2,0.2,0.2273,0.51,0.1045,2,55,57.0
245,2011-01-11,1,0,1,13,False,2,2,0.2,0.2273,0.59,0.0896,6,46,52.0
246,2011-01-11,1,0,1,14,False,2,2,0.2,0.2273,0.59,0.0896,3,60,63.0
247,2011-01-11,1,0,1,15,False,2,2,0.16,0.197,0.8,0.0896,2,45,47.0
248,2011-01-11,1,0,1,16,False,2,2,0.16,0.1515,0.86,0.2239,4,72,76.0
249,2011-01-11,1,0,1,17,False,2,2,0.16,0.1515,0.86,0.2239,6,130,136.0
250,2011-01-11,1,0,1,18,False,2,3,0.16,0.1818,0.93,0.1045,1,94,95.0
251,2011-01-11,1,0,1,19,False,2,3,0.16,0.2273,0.93,0.0,0,51,51.0
252,2011-01-11,1,0,1,20,False,2,3,0.16,0.1515,0.93,0.194,0,32,32.0
253,2011-01-11,1,0,1,21,False,2,3,0.16,0.197,0.86,0.0896,0,20,20.0
254,2011-01-11,1,0,1,22,False,2,3,0.16,0.1818,0.93,0.1045,1,28,29.0
255,2011-01-11,1,0,1,23,False,2,3,0.16,0.197,0.93,0.0896,1,18,19.0
256,2011-01-12,1,0,1,0,False,3,2,0.16,0.197,0.86,0.0896,0,7,7.0
257,2011-01-12,1,0,1,1,False,3,2,0.16,0.1818,0.86,0.1045,0,6,6.0
258,2011-01-12,1,0,1,2,False,3,1,0.14,0.1515,0.86,0.1343,0,1,1.0
259,2011-01-12,1,0,1,5,False,3,1,0.14,0.1515,0.86,0.1642,0,5,5.0
260,2011-01-12,1,0,1,6,False,3,1,0.12,0.1515,0.93,0.1343,0,16,16.0
261,2011-01-12,1,0,1,7,False,3,1,0.14,0.1515,0.69,0.1343,0,54,54.0
262,2011-01-12,1,0,1,8,False,3,1,0.16,0.1667,0.59,0.1642,3,125,128.0
263,2011-01-12,1,0,1,9,False,3,1,0.16,0.1364,0.59,0.3284,3,78,81.0
264,2011-01-12,1,0,1,10,False,3,1,0.18,0.1818,0.55,0.2239,0,39,39.0
265,2011-01-12,1,0,1,11,False,3,1,0.2,0.1818,0.51,0.3881,3,32,35.0
266,2011-01-12,1,0,1,12,False,3,1,0.2,0.1515,0.47,0.5821,3,52,55.0
267,2011-01-12,1,0,1,13,False,3,1,0.22,0.197,0.44,0.3582,0,49,49.0
268,2011-01-12,1,0,1,14,False,3,1,0.2,0.1818,0.47,0.3284,0,44,44.0
269,2011-01-12,1,0,1,15,False,3,1,0.2,0.1667,0.47,0.4179,1,48,49.0
270,2011-01-12,1,0,1,16,False,3,1,0.22,0.197,0.44,0.3284,5,63,68.0
271,2011-01-12,1,0,1,17,False,3,1,0.2,0.1818,0.47,0.3582,0,139,139.0
272,2011-01-12,1,0,1,18,False,3,1,0.2,0.1515,0.47,0.5224,2,135,137.0
273,2011-01-12,1,0,1,19,False,3,1,0.18,0.1515,0.47,0.4179,1,82,83.0
274,2011-01-12,1,0,1,20,False,3,1,0.16,0.1364,0.5,0.3284,2,54,56.0
275,2011-01-12,1,0,1,21,False,3,1,0.16,0.1364,0.55,0.3284,0,57,57.0
276,2011-01-12,1,0,1,22,False,3,1,0.16,0.1212,0.55,0.4478,1,32,33.0
277,2011-01-12,1,0,1,23,False,3,1,0.14,0.1061,0.59,0.4179,1,19,20.0
278,2011-01-13,1,0,1,0,False,4,1,0.14,0.1212,0.59,0.2836,1,6,7.0
279,2011-01-13,1,0,1,1,False,4,1,0.14,0.1212,0.5,0.2836,0,2,2.0
280,2011-01-13,1,0,1,2,False,4,1,0.14,0.1212,0.5,0.3582,0,2,2.0
281,2011-01-13,1,0,1,3,False,4,1,0.14,0.1212,0.5,0.3284,0,3,3.0
282,2011-01-13,1,0,1,4,False,4,1,0.14,0.1212,0.5,0.2537,0,4,4.0
283,2011-01-13,1,0,1,5,False,4,1,0.14,0.1212,0.5,0.2985,0,3,3.0
284,2011-01-13,1,0,1,6,False,4,1,0.12,0.1515,0.54,0.1343,0,28,28.0
285,2011-01-13,1,0,1,7,False,4,1,0.12,0.1515,0.54,0.1343,0,72,72.0
286,2011-01-13,1,0,1,8,False,4,1,0.14,0.1364,0.5,0.194,5,197,49.0
287,2011-01-13,1,0,1,9,False,4,1,0.14,0.1212,0.5,0.3284,2,137,139.0
288,2011-01-13,1,0,1,10,False,4,2,0.16,0.1364,0.5,0.3582,2,36,38.0
289,2011-01-13,1,0,1,11,False,4,2,0.2,0.1667,0.44,0.4478,4,33,37.0
290,2011-01-13,1,0,1,12,False,4,1,0.2,0.1667,0.44,0.4179,3,49,52.0
291,2011-01-13,1,0,1,13,False,4,1,0.22,0.197,0.41,0.4478,2,81,83.0
292,2011-01-13,1,0,1,14,False,4,1,0.22,0.197,0.41,0.3881,3,39,42.0
293,2011-01-13,1,0,1,15,False,4,1,0.24,0.2121,0.38,0.2985,5,55,60.0
294,2011-01-13,1,0,1,16,False,4,1,0.24,0.2121,0.38,0.3582,2,76,78.0
295,2011-01-13,1,0,1,17,False,4,1,0.2,0.1818,0.4,0.2836,4,158,162.0
296,2011-01-13,1,0,1,18,False,4,1,0.2,0.1818,0.4,0.3284,3,141,144.0
297,2011-01-13,1,0,1,19,False,4,1,0.16,0.1515,0.47,0.2537,1,98,99.0
298,2011-01-13,1,0,1,20,False,4,1,0.16,0.1515,0.47,0.2239,0,64,64.0
299,2011-01-13,1,0,1,21,False,4,1,0.14,0.1212,0.46,0.2985,0,40,40.0
300,2011-01-13,1,0,1,22,False,4,1,0.14,0.1212,0.46,0.3284,0,30,30.0
301,2011-01-13,1,0,1,23,False,4,1,0.12,0.1364,0.5,0.194,1,14,15.0
302,2011-01-14,1,0,1,0,False,5,1,0.12,0.1364,0.5,0.194,0,14,14.0
303,2011-01-14,1,0,1,1,False,5,1,0.1,0.1212,0.54,0.1642,0,5,5.0
304,2011-01-14,1,0,1,2,False,5,1,0.1,0.1212,0.54,0.1343,0,1,1.0
305,2011-01-14,1,0,1,3,False,5,1,0.1,0.1364,0.54,0.1045,0,1,1.0
306,2011-01-14,1,0,1,5,False,5,1,0.1,0.1364,0.54,0.0896,0,8,8.0
307,2011-01-14,1,0,1,6,False,5,1,0.1,0.1818,0.54,0.0,0,17,17.0
308,2011-01-14,1,0,1,7,False,5,1,0.1,0.1212,0.74,0.1642,0,70,70.0
309,2011-01-14,1,0,1,8,False,5,1,0.12,0.1667,0.68,0.0,2,156,158.0
310,2011-01-14,1,0,1,9,False,5,1,0.14,0.1515,0.69,0.1343,0,117,117.0
311,2011-01-14,1,0,1,10,False,5,1,0.18,0.1818,0.55,0.194,4,40,44.0
312,2011-01-14,1,0,1,11,False,5,1,0.18,0.1667,0.51,0.2836,6,47,53.0
313,2011-01-14,1,0,1,12,False,5,1,0.2,0.197,0.44,0.2537,2,59,61.0
314,2011-01-14,1,0,1,13,False,5,1,0.22,0.197,0.37,0.3881,4,73,77.0
315,2011-01-14,1,0,1,14,False,5,1,0.22,0.2121,0.41,0.2836,5,59,64.0
316,2011-01-14,1,0,1,15,False,5,1,0.24,0.2424,0.38,0.1642,9,59,68.0
317,2011-01-14,1,0,1,16,False,5,1,0.22,0.2424,0.41,0.1045,3,87,90.0
318,2011-01-14,1,0,1,17,False,5,1,0.22,0.2273,0.41,0.1642,4,155,159.0
319,2011-01-14,1,0,1,18,False,5,1,0.2,0.2576,0.47,0.0,5,134,139.0
320,2011-01-14,1,0,1,19,False,5,1,0.16,0.197,0.59,0.0896,3,89,92.0
321,2011-01-14,1,0,1,20,False,5,1,0.18,0.2424,0.59,0.0,0,68,68.0
322,2011-01-14,1,0,1,21,False,5,1,0.16,0.2273,0.69,0.0,4,48,52.0
323,2011-01-14,1,0,1,22,False,5,2,0.16,0.2273,0.69,0.0,2,34,36.0
324,2011-01-14,1,0,1,23,False,5,2,0.18,0.2424,0.55,0.0,1,26,27.0
325,2011-01-15,1,0,1,0,False,6,1,0.18,0.2424,0.55,0.0,3,25,28.0
326,2011-01-15,1,0,1,1,False,6,2,0.16,0.197,0.59,0.0896,2,18,20.0
327,2011-01-15,1,0,1,2,False,6,2,0.16,0.197,0.59,0.0896,0,12,12.0
328,2011-01-15,1,0,1,3,False,6,2,0.16,0.2273,0.59,0.0,1,7,8.0
329,2011-01-15,1,0,1,4,False,6,2,0.16,0.2273,0.59,0.0,0,5,5.0
330,2011-01-15,1,0,1,5,False,6,1,0.16,0.2273,0.59,0.0,0,1,1.0
331,2011-01-15,1,0,1,6,False,6,1,0.14,0.1667,0.63,0.1045,1,2,3.0
332,2011-01-15,1,0,1,7,False,6,1,0.14,0.2121,0.63,0.0,1,9,10.0
333,2011-01-15,1,0,1,8,False,6,1,0.14,0.1515,0.63,0.1343,1,22,23.0
334,2011-01-15,1,0,1,9,False,6,1,0.16,0.1818,0.64,0.1343,2,31,33.0
335,2011-01-15,1,0,1,10,False,6,1,0.18,0.197,0.59,0.1642,2,57,59.0
336,2011-01-15,1,0,1,11,False,6,1,0.2,0.197,0.55,0.2239,18,54,72.0
337,2011-01-15,1,0,1,12,False,6,1,0.24,0.2273,0.48,0.2239,15,74,89.0
338,2011-01-15,1,0,1,13,False,6,1,0.28,0.2576,0.38,0.2985,21,80,101.0
339,2011-01-15,1,0,1,14,False,6,1,0.3,0.2879,0.39,0.2836,26,92,118.0
340,2011-01-15,1,0,1,15,False,6,2,0.32,0.3182,0.36,0.194,21,108,129.0
341,2011-01-15,1,0,1,16,False,6,2,0.34,0.3333,0.34,0.194,33,95,128.0
342,2011-01-15,1,0,1,17,False,6,2,0.32,0.303,0.36,0.2836,29,54,83.0
343,2011-01-15,1,0,1,18,False,6,2,0.3,0.2879,0.45,0.2537,15,69,84.0
344,2011-01-15,1,0,1,19,False,6,2,0.32,0.303,0.39,0.2537,14,60,74.0
345,2011-01-15,1,0,1,20,False,6,2,0.32,0.303,0.39,0.2537,6,35,41.0
346,2011-01-15,1,0,1,21,False,6,2,0.32,0.303,0.39,0.2239,6,51,57.0
347,2011-01-15,1,0,1,22,False,6,2,0.3,0.3182,0.42,0.1045,0,26,26.0
348,2011-01-15,1,0,1,23,False,6,1,0.3,0.2879,0.45,0.2836,5,39,44.0
349,2011-01-16,1,0,1,0,False,0,1,0.26,0.303,0.56,0.0,6,33,39.0
350,2011-01-16,1,0,1,1,False,0,1,0.26,0.2727,0.56,0.1343,4,19,23.0
351,2011-01-16,1,0,1,2,False,0,1,0.26,0.2879,0.56,0.0896,3,13,16.0
352,2011-01-16,1,0,1,3,False,0,1,0.22,0.2727,0.69,0.0,9,6,15.0
353,2011-01-16,1,0,1,4,False,0,1,0.26,0.2576,0.56,0.1642,0,1,1.0
354,2011-01-16,1,0,1,5,False,0,2,0.26,0.2576,0.56,0.1642,1,1,2.0
355,2011-01-16,1,0,1,6,False,0,2,0.26,0.2576,0.56,0.1642,0,1,1.0
356,2011-01-16,1,0,1,7,False,0,2,0.24,0.2121,0.56,0.2985,0,3,3.0
357,2011-01-16,1,0,1,8,False,0,1,0.22,0.2121,0.55,0.2836,0,18,18.0
358,2011-01-16,1,0,1,9,False,0,1,0.22,0.2121,0.51,0.2537,3,29,32.0
359,2011-01-16,1,0,1,10,False,0,1,0.22,0.2121,0.51,0.2836,8,71,79.0
360,2011-01-16,1,0,1,11,False,0,1,0.24,0.2273,0.44,0.2537,23,70,93.0
361,2011-01-16,1,0,1,12,False,0,1,0.24,0.2121,0.41,0.2836,29,75,104.0
362,2011-01-16,1,0,1,13,False,0,1,0.26,0.2273,0.35,0.2985,23,95,118.0
363,2011-01-16,1,0,1,14,False,0,1,0.28,0.2727,0.36,0.2537,22,69,91.0
364,2011-01-16,1,0,1,15,False,0,1,0.26,0.2424,0.38,0.2537,35,78,113.0
365,2011-01-16,1,0,1,16,False,0,1,0.24,0.2273,0.38,0.2239,22,77,99.0
366,2011-01-16,1,0,1,17,False,0,1,0.22,0.2121,0.37,0.2537,23,82,105.0
367,2011-01-16,1,0,1,18,False,0,1,0.2,0.2121,0.4,0.1642,11,56,67.0
368,2011-01-16,1,0,1,19,False,0,1,0.18,0.197,0.47,0.1343,14,47,61.0
369,2011-01-16,1,0,1,20,False,0,1,0.18,0.197,0.47,0.1642,7,50,57.0
370,2011-01-16,1,0,1,21,False,0,1,0.18,0.197,0.51,0.1642,6,22,28.0
371,2011-01-16,1,0,1,22,False,0,2,0.2,0.2121,0.49,0.1343,2,19,21.0
372,2011-01-16,1,0,1,23,False,0,2,0.2,0.2273,0.4,0.1045,0,18,18.0
373,2011-01-17,1,0,1,0,True,1,2,0.2,0.197,0.47,0.2239,1,16,17.0
374,2011-01-17,1,0,1,1,True,1,2,0.2,0.197,0.44,0.194,1,15,16.0
375,2011-01-17,1,0,1,2,True,1,2,0.18,0.1667,0.43,0.2537,0,8,8.0
376,2011-01-17,1,0,1,3,True,1,2,0.18,0.1818,0.43,0.194,0,2,2.0
377,2011-01-17,1,0,1,4,True,1,2,0.18,0.197,0.43,0.1343,1,2,3.0
378,2011-01-17,1,0,1,5,True,1,2,0.18,0.197,0.43,0.1642,0,1,1.0
379,2011-01-17,1,0,1,6,True,1,2,0.18,0.1818,0.43,0.194,0,5,5.0
380,2011-01-17,1,0,1,7,True,1,2,0.16,0.1818,0.5,0.1343,4,9,13.0
381,2011-01-17,1,0,1,8,True,1,2,0.16,0.1515,0.47,0.2239,3,30,33.0
382,2011-01-17,1,0,1,9,True,1,2,0.16,0.1515,0.47,0.2239,8,39,47.0
383,2011-01-17,1,0,1,10,True,1,2,0.16,0.1515,0.5,0.2537,7,50,57.0
384,2011-01-17,1,0,1,11,True,1,2,0.16,0.1515,0.55,0.194,9,55,64.0
385,2011-01-17,1,0,1,12,True,1,2,0.18,0.197,0.47,0.1343,10,70,80.0
386,2011-01-17,1,0,1,13,True,1,2,0.18,0.197,0.47,0.1343,13,80,93.0
387,2011-01-17,1,0,1,14,True,1,2,0.18,0.2121,0.43,0.1045,12,74,86.0
388,2011-01-17,1,0,1,15,True,1,2,0.2,0.2121,0.47,0.1642,21,72,93.0
389,2011-01-17,1,0,1,16,True,1,2,0.2,0.2121,0.47,0.1642,6,76,82.0
390,2011-01-17,1,0,1,17,True,1,1,0.2,0.197,0.51,0.194,4,67,71.0
391,2011-01-17,1,0,1,18,True,1,2,0.18,0.1667,0.55,0.2537,7,85,92.0
392,2011-01-17,1,0,1,19,True,1,3,0.18,0.1818,0.59,0.194,2,58,60.0
393,2011-01-17,1,0,1,20,True,1,3,0.16,0.1515,0.8,0.194,4,29,33.0
394,2011-01-17,1,0,1,21,True,1,3,0.16,0.1515,0.8,0.194,3,24,27.0
395,2011-01-17,1,0,1,22,True,1,3,0.14,0.1212,0.93,0.2537,0,13,13.0
396,2011-01-17,1,0,1,23,True,1,3,0.16,0.1364,0.86,0.2836,1,3,4.0
397,2011-01-18,1,0,1,12,False,2,2,0.2,0.1818,0.86,0.3284,0,3,3.0
398,2011-01-18,1,0,1,13,False,2,2,0.2,0.197,0.86,0.2239,0,22,22.0
399,2011-01-18,1,0,1,14,False,2,2,0.22,0.2273,0.8,0.1642,2,26,28.0
400,2011-01-18,1,0,1,15,False,2,2,0.22,0.2273,0.87,0.1642,3,32,35.0
401,2011-01-18,1,0,1,16,False,2,2,0.22,0.2273,0.87,0.194,0,61,61.0
402,2011-01-18,1,0,1,17,False,2,2,0.22,0.2273,0.82,0.194,1,124,125.0
403,2011-01-18,1,0,1,18,False,2,2,0.22,0.2273,0.8,0.1642,1,132,133.0
404,2011-01-18,1,0,1,19,False,2,2,0.22,0.2273,0.8,0.1343,1,98,99.0
405,2011-01-18,1,0,1,20,False,2,2,0.22,0.2727,0.87,0.0,0,83,83.0
406,2011-01-18,1,0,1,21,False,2,2,0.22,0.2424,0.93,0.1045,0,41,41.0
407,2011-01-18,1,0,1,22,False,2,2,0.22,0.2576,0.93,0.0896,0,33,33.0
408,2011-01-18,1,0,1,23,False,2,2,0.22,0.2727,0.93,0.0,1,19,20.0
409,2011-01-19,1,0,1,0,False,3,2,0.22,0.2727,0.93,0.0,0,3,3.0
410,2011-01-19,1,0,1,1,False,3,3,0.22,0.2273,0.93,0.1343,1,6,7.0
411,2011-01-19,1,0,1,2,False,3,3,0.22,0.2273,0.93,0.1343,0,3,3.0
412,2011-01-19,1,0,1,4,False,3,3,0.22,0.2273,0.93,0.1343,1,1,2.0
413,2011-01-19,1,0,1,5,False,3,2,0.22,0.2576,0.93,0.0896,0,7,7.0
414,2011-01-19,1,0,1,6,False,3,2,0.22,0.2576,0.93,0.0896,0,32,32.0
415,2011-01-19,1,0,1,7,False,3,2,0.24,0.2576,0.92,0.1045,1,89,90.0
416,2011-01-19,1,0,1,8,False,3,2,0.24,0.2576,0.93,0.1045,1,196,49.0
417,2011-01-19,1,0,1,9,False,3,2,0.24,0.2576,0.93,0.1045,2,107,109.0
418,2011-01-19,1,0,1,10,False,3,2,0.26,0.2727,0.93,0.1343,1,46,47.0
419,2011-01-19,1,0,1,11,False,3,2,0.28,0.303,0.87,0.0896,5,47,52.0
420,2011-01-19,1,0,1,12,False,3,2,0.3,0.3182,0.81,0.0896,5,65,70.0
421,2011-01-19,1,0,1,13,False,3,1,0.4,0.4091,0.62,0.2836,11,67,78.0
422,2011-01-19,1,0,1,14,False,3,1,0.4,0.4091,0.58,0.2537,7,68,75.0
423,2011-01-19,1,0,1,15,False,3,1,0.4,0.4091,0.54,0.2836,4,78,82.0
424,2011-01-19,1,0,1,16,False,3,1,0.38,0.3939,0.58,0.3881,10,94,104.0
425,2011-01-19,1,0,1,17,False,3,1,0.36,0.3333,0.57,0.3284,7,190,49.0
426,2011-01-19,1,0,1,18,False,3,1,0.34,0.3182,0.61,0.2836,5,156,161.0
427,2011-01-19,1,0,1,19,False,3,1,0.32,0.2879,0.57,0.4179,4,108,112.0
428,2011-01-19,1,0,1,20,False,3,1,0.32,0.303,0.49,0.2985,2,74,76.0
429,2011-01-19,1,0,1,21,False,3,1,0.32,0.2879,0.49,0.4179,4,55,59.0
430,2011-01-19,1,0,1,22,False,3,1,0.3,0.303,0.52,0.1642,6,53,59.0
431,2011-01-19,1,0,1,23,False,3,1,0.3,0.2727,0.52,0.4627,1,27,28.0
432,2011-01-20,1,0,1,0,False,4,1,0.26,0.2273,0.56,0.3881,5,8,13.0
433,2011-01-20,1,0,1,1,False,4,1,0.26,0.2727,0.56,0.0,2,3,5.0
434,2011-01-20,1,0,1,2,False,4,1,0.26,0.2727,0.56,0.0,0,2,2.0
435,2011-01-20,1,0,1,3,False,4,1,0.26,0.2576,0.56,0.1642,0,1,1.0
436,2011-01-20,1,0,1,4,False,4,1,0.26,0.2576,0.56,0.1642,0,1,1.0
437,2011-01-20,1,0,1,5,False,4,1,0.24,0.2273,0.6,0.2239,0,6,6.0
438,2011-01-20,1,0,1,6,False,4,1,0.22,0.2121,0.6,0.2239,0,35,35.0
439,2011-01-20,1,0,1,7,False,4,1,0.22,0.2121,0.55,0.2239,1,100,101.0
440,2011-01-20,1,0,1,8,False,4,1,0.22,0.2121,0.55,0.2836,2,247,49.0
441,2011-01-20,1,0,1,9,False,4,2,0.24,0.2273,0.52,0.2239,3,140,143.0
442,2011-01-20,1,0,1,10,False,4,1,0.26,0.2273,0.48,0.2985,1,56,57.0
443,2011-01-20,1,0,1,11,False,4,2,0.28,0.2727,0.45,0.1642,5,63,68.0
444,2011-01-20,1,0,1,12,False,4,2,0.3,0.3333,0.42,0.0,7,77,84.0
445,2011-01-20,1,0,1,13,False,4,2,0.28,0.2879,0.45,0.1045,12,86,98.0
446,2011-01-20,1,0,1,14,False,4,2,0.3,0.303,0.45,0.1343,6,75,81.0
447,2011-01-20,1,0,1,15,False,4,2,0.32,0.3182,0.45,0.194,8,62,70.0
448,2011-01-20,1,0,1,16,False,4,2,0.3,0.303,0.49,0.1343,8,83,91.0
449,2011-01-20,1,0,1,17,False,4,2,0.3,0.3182,0.49,0.1045,8,207,49.0
450,2011-01-20,1,0,1,18,False,4,2,0.26,0.2576,0.56,0.194,1,184,49.0
451,2011-01-20,1,0,1,19,False,4,1,0.26,0.2273,0.56,0.3284,6,146,152.0
452,2011-01-20,1,0,1,20,False,4,2,0.26,0.2424,0.6,0.2836,2,124,126.0
453,2011-01-20,1,0,1,21,False,4,2,0.24,0.2273,0.6,0.2537,3,54,57.0
454,2011-01-20,1,0,1,22,False,4,2,0.24,0.2121,0.65,0.2836,0,56,56.0
455,2011-01-20,1,0,1,23,False,4,2,0.24,0.2121,0.65,0.3284,3,28,31.0
456,2011-01-21,1,0,1,0,False,5,2,0.24,0.2273,0.7,0.2537,1,20,21.0
457,2011-01-21,1,0,1,1,False,5,2,0.24,0.2273,0.7,0.2537,0,6,6.0
458,2011-01-21,1,0,1,2,False,5,3,0.24,0.2424,0.75,0.1642,0,2,2.0
459,2011-01-21,1,0,1,3,False,5,3,0.22,0.2121,0.8,0.2985,0,1,1.0
460,2011-01-21,1,0,1,4,False,5,2,0.22,0.2576,0.87,0.0896,0,1,1.0
461,2011-01-21,1,0,1,5,False,5,1,0.24,0.197,0.6,0.4179,1,4,5.0
462,2011-01-21,1,0,1,6,False,5,1,0.22,0.2121,0.55,0.2537,0,27,27.0
463,2011-01-21,1,0,1,7,False,5,1,0.2,0.1818,0.51,0.2836,2,66,68.0
464,2011-01-21,1,0,1,8,False,5,1,0.2,0.1818,0.47,0.3284,7,210,49.0
465,2011-01-21,1,0,1,9,False,5,1,0.2,0.1818,0.51,0.3582,7,159,166.0
466,2011-01-21,1,0,1,10,False,5,1,0.2,0.1667,0.47,0.4627,6,57,63.0
467,2011-01-21,1,0,1,11,False,5,1,0.22,0.1818,0.41,0.4627,6,53,59.0
468,2011-01-21,1,0,1,12,False,5,1,0.22,0.1818,0.27,0.5821,11,67,78.0
469,2011-01-21,1,0,1,13,False,5,1,0.2,0.1515,0.21,0.5821,8,65,73.0
470,2011-01-21,1,0,1,14,False,5,1,0.2,0.1515,0.25,0.5224,6,56,62.0
471,2011-01-21,1,0,1,15,False,5,1,0.16,0.1212,0.26,0.4478,4,61,65.0
472,2011-01-21,1,0,1,16,False,5,1,0.16,0.1364,0.26,0.3582,0,97,97.0
473,2011-01-21,1,0,1,17,False,5,1,0.14,0.1212,0.28,0.3582,10,151,161.0
474,2011-01-21,1,0,1,18,False,5,1,0.12,0.1212,0.3,0.2537,1,119,120.0
475,2011-01-21,1,0,1,19,False,5,1,0.12,0.1061,0.3,0.3284,3,93,96.0
476,2011-01-21,1,0,1,20,False,5,1,0.1,0.0758,0.33,0.4179,1,52,53.0
477,2011-01-21,1,0,1,21,False,5,1,0.08,0.0758,0.38,0.2836,0,41,41.0
478,2011-01-21,1,0,1,22,False,5,1,0.06,0.0303,0.41,0.3881,1,33,34.0
479,2011-01-21,1,0,1,23,False,5,1,0.06,0.0455,0.38,0.3284,0,27,27.0
480,2011-01-22,1,0,1,0,False,6,1,0.04,0.0303,0.45,0.2537,0,13,13.0
481,2011-01-22,1,0,1,1,False,6,2,0.04,0.0,0.41,0.3881,3,9,12.0
482,2011-01-22,1,0,1,2,False,6,2,0.04,0.0303,0.41,0.2537,0,11,11.0
483,2011-01-22,1,0,1,3,False,6,2,0.04,0.0303,0.41,0.2836,1,6,7.0
484,2011-01-22,1,0,1,4,False,6,2,0.02,0.0152,0.48,0.2985,0,3,3.0
485,2011-01-22,1,0,1,6,False,6,2,0.02,0.0303,0.44,0.2239,0,2,2.0
486,2011-01-22,1,0,1,7,False,6,1,0.02,0.0152,0.44,0.2836,0,8,8.0
487,2011-01-22,1,0,1,8,False,6,1,0.02,0.0,0.44,0.3284,1,26,27.0
488,2011-01-22,1,0,1,9,False,6,1,0.04,0.0303,0.41,0.2537,3,37,40.0
489,2011-01-22,1,0,1,10,False,6,2,0.04,0.0606,0.41,0.1642,3,50,53.0
490,2011-01-22,1,0,1,11,False,6,2,0.06,0.0758,0.38,0.1343,4,59,63.0
491,2011-01-22,1,0,1,12,False,6,2,0.06,0.1061,0.38,0.1045,10,60,70.0
492,2011-01-22,1,0,1,13,False,6,1,0.08,0.1667,0.35,0.0,12,72,84.0
493,2011-01-22,1,0,1,14,False,6,1,0.1,0.1364,0.33,0.1045,11,64,75.0
494,2011-01-22,1,0,1,15,False,6,1,0.12,0.1515,0.28,0.0,10,93,103.0
495,2011-01-22,1,0,1,16,False,6,1,0.12,0.1364,0.28,0.194,11,72,83.0
496,2011-01-22,1,0,1,17,False,6,1,0.12,0.197,0.28,0.0,8,59,67.0
497,2011-01-22,1,0,1,18,False,6,1,0.08,0.0909,0.35,0.194,0,54,54.0
498,2011-01-22,1,0,1,19,False,6,1,0.08,0.1061,0.35,0.1343,6,53,59.0
499,2011-01-22,1,0,1,20,False,6,1,0.06,0.0758,0.45,0.1642,1,44,45.0
500,2011-01-22,1,0,1,21,False,6,1,0.06,0.1061,0.41,0.0896,0,39,39.0
501,2011-01-22,1,0,1,22,False,6,1,0.06,0.1515,0.49,0.0,7,23,30.0
502,2011-01-22,1,0,1,23,False,6,1,0.04,0.0758,0.57,0.1045,2,31,33.0
503,2011-01-23,1,0,1,0,False,0,1,0.04,0.0758,0.57,0.1045,2,20,22.0
504,2011-01-23,1,0,1,1,False,0,1,0.04,0.0758,0.57,0.1045,1,12,13.0
505,2011-01-23,1,0,1,2,False,0,1,0.02,0.0606,0.62,0.1343,3,15,18.0
506,2011-01-23,1,0,1,3,False,0,1,0.02,0.0606,0.62,0.1343,1,4,5.0
507,2011-01-23,1,0,1,5,False,0,2,0.04,0.0758,0.57,0.1045,0,3,3.0
508,2011-01-23,1,0,1,6,False,0,2,0.04,0.0758,0.57,0.1045,0,1,1.0
509,2011-01-23,1,0,1,7,False,0,1,0.08,0.1061,0.58,0.1642,1,1,2.0
510,2011-01-23,1,0,1,8,False,0,1,0.06,0.0758,0.62,0.1642,2,17,19.0
511,2011-01-23,1,0,1,9,False,0,1,0.1,0.0758,0.54,0.3582,3,25,28.0
512,2011-01-23,1,0,1,10,False,0,1,0.14,0.1061,0.46,0.3881,7,51,58.0
513,2011-01-23,1,0,1,11,False,0,1,0.14,0.1364,0.43,0.2239,22,77,99.0
514,2011-01-23,1,0,1,12,False,0,1,0.16,0.1212,0.37,0.4627,24,92,116.0
515,2011-01-23,1,0,1,13,False,0,1,0.14,0.1061,0.33,0.3881,12,75,87.0
516,2011-01-23,1,0,1,14,False,0,1,0.16,0.1364,0.28,0.3582,17,93,110.0
517,2011-01-23,1,0,1,15,False,0,1,0.16,0.1364,0.28,0.3582,13,64,77.0
518,2011-01-23,1,0,1,16,False,0,1,0.16,0.1364,0.26,0.3284,9,56,65.0
519,2011-01-23,1,0,1,17,False,0,1,0.14,0.1061,0.26,0.3881,5,50,55.0
520,2011-01-23,1,0,1,18,False,0,1,0.12,0.1212,0.3,0.2537,5,44,49.0
521,2011-01-23,1,0,1,19,False,0,1,0.12,0.1212,0.3,0.2836,5,45,50.0
522,2011-01-23,1,0,1,20,False,0,1,0.1,0.1061,0.36,0.2537,4,31,35.0
523,2011-01-23,1,0,1,21,False,0,1,0.1,0.1061,0.36,0.194,5,20,25.0
524,2011-01-23,1,0,1,22,False,0,1,0.08,0.0909,0.38,0.194,5,23,28.0
525,2011-01-23,1,0,1,23,False,0,1,0.06,0.0606,0.41,0.2239,4,17,21.0
526,2011-01-24,1,0,1,0,False,1,1,0.06,0.0606,0.41,0.194,0,7,7.0
527,2011-01-24,1,0,1,1,False,1,1,0.04,0.0455,0.45,0.194,0,1,1.0
528,2011-01-24,1,0,1,3,False,1,1,0.04,0.0303,0.45,0.2537,0,1,1.0
529,2011-01-24,1,0,1,4,False,1,1,0.02,0.0606,0.48,0.1343,0,1,1.0
530,2011-01-24,1,0,1,5,False,1,1,0.02,0.0606,0.48,0.1343,0,5,5.0
531,2011-01-24,1,0,1,6,False,1,1,0.02,0.0758,0.48,0.0896,0,15,15.0
532,2011-01-24,1,0,1,7,False,1,1,0.02,0.1212,0.48,0.0,5,79,84.0
533,2011-01-24,1,0,1,8,False,1,1,0.04,0.1364,0.49,0.0,6,171,177.0
534,2011-01-24,1,0,1,9,False,1,1,0.06,0.1515,0.41,0.0,4,98,102.0
535,2011-01-24,1,0,1,10,False,1,1,0.1,0.1364,0.42,0.0,6,34,40.0
536,2011-01-24,1,0,1,11,False,1,1,0.1,0.1212,0.46,0.1343,3,43,46.0
537,2011-01-24,1,0,1,12,False,1,2,0.12,0.1364,0.42,0.194,11,52,63.0
538,2011-01-24,1,0,1,13,False,1,2,0.14,0.1364,0.43,0.2239,6,54,60.0
539,2011-01-24,1,0,1,14,False,1,2,0.14,0.1364,0.46,0.2239,2,43,45.0
540,2011-01-24,1,0,1,15,False,1,1,0.16,0.1667,0.4,0.1642,7,50,57.0
541,2011-01-24,1,0,1,16,False,1,1,0.16,0.1515,0.47,0.2537,4,66,70.0
542,2011-01-24,1,0,1,17,False,1,1,0.14,0.1212,0.5,0.2537,6,178,49.0
543,2011-01-24,1,0,1,18,False,1,1,0.14,0.1364,0.59,0.194,8,145,153.0
544,2011-01-24,1,0,1,19,False,1,1,0.14,0.1515,0.54,0.1642,5,101,106.0
545,2011-01-24,1,0,1,20,False,1,1,0.14,0.1364,0.59,0.194,1,80,81.0
546,2011-01-24,1,0,1,21,False,1,1,0.14,0.1515,0.63,0.1642,6,53,59.0
547,2011-01-24,1,0,1,22,False,1,2,0.14,0.1364,0.63,0.2239,3,32,35.0
548,2011-01-24,1,0,1,23,False,1,2,0.16,0.1515,0.64,0.2537,3,21,24.0
549,2011-01-25,1,0,1,0,False,2,2,0.16,0.1364,0.69,0.2836,3,6,9.0
550,2011-01-25,1,0,1,1,False,2,2,0.16,0.1667,0.69,0.1642,0,5,5.0
551,2011-01-25,1,0,1,2,False,2,1,0.16,0.1515,0.69,0.2239,0,2,2.0
552,2011-01-25,1,0,1,4,False,2,1,0.14,0.1667,0.74,0.1045,0,1,1.0
553,2011-01-25,1,0,1,5,False,2,1,0.14,0.1364,0.74,0.2239,0,9,9.0
554,2011-01-25,1,0,1,6,False,2,1,0.16,0.1818,0.74,0.1045,1,35,36.0
555,2011-01-25,1,0,1,7,False,2,1,0.16,0.1515,0.74,0.2239,5,103,108.0
556,2011-01-25,1,0,1,8,False,2,2,0.16,0.1818,0.74,0.1343,5,233,49.0
557,2011-01-25,1,0,1,9,False,2,2,0.2,0.2273,0.64,0.0896,10,134,144.0
558,2011-01-25,1,0,1,10,False,2,2,0.22,0.2424,0.6,0.1045,6,49,55.0
559,2011-01-25,1,0,1,11,False,2,2,0.24,0.2424,0.6,0.1343,6,55,61.0
560,2011-01-25,1,0,1,12,False,2,2,0.26,0.2879,0.56,0.0896,21,85,106.0
561,2011-01-25,1,0,1,13,False,2,2,0.26,0.2727,0.56,0.1343,21,72,93.0
562,2011-01-25,1,0,1,14,False,2,2,0.3,0.3333,0.45,0.0,11,57,68.0
563,2011-01-25,1,0,1,15,False,2,2,0.32,0.3485,0.42,0.0,21,63,84.0
564,2011-01-25,1,0,1,16,False,2,2,0.32,0.3485,0.42,0.0,14,102,116.0
565,2011-01-25,1,0,1,17,False,2,1,0.3,0.3333,0.45,0.0,14,208,49.0
566,2011-01-25,1,0,1,18,False,2,2,0.3,0.3182,0.49,0.0896,7,218,49.0
567,2011-01-25,1,0,1,19,False,2,2,0.26,0.2576,0.65,0.1642,13,133,146.0
568,2011-01-25,1,0,1,20,False,2,1,0.24,0.2273,0.65,0.194,16,103,119.0
569,2011-01-25,1,0,1,21,False,2,1,0.24,0.2273,0.65,0.194,5,40,45.0
570,2011-01-25,1,0,1,22,False,2,1,0.22,0.2273,0.64,0.1642,4,49,53.0
571,2011-01-25,1,0,1,23,False,2,2,0.22,0.2273,0.64,0.1642,3,37,40.0
572,2011-01-26,1,0,1,0,False,3,2,0.22,0.2273,0.69,0.1343,3,14,17.0
573,2011-01-26,1,0,1,1,False,3,2,0.24,0.2424,0.65,0.1343,0,5,5.0
574,2011-01-26,1,0,1,2,False,3,3,0.22,0.2273,0.69,0.194,3,7,10.0
575,2011-01-26,1,0,1,5,False,3,3,0.2,0.1818,0.86,0.2836,0,1,1.0
576,2011-01-26,1,0,1,6,False,3,3,0.2,0.1818,0.86,0.2836,0,8,8.0
577,2011-01-26,1,0,1,7,False,3,3,0.22,0.2121,0.87,0.2985,1,29,30.0
578,2011-01-26,1,0,1,8,False,3,3,0.22,0.2121,0.87,0.2985,3,69,72.0
579,2011-01-26,1,0,1,9,False,3,3,0.22,0.2121,0.87,0.2985,3,55,58.0
580,2011-01-26,1,0,1,10,False,3,3,0.22,0.2121,0.93,0.2836,2,26,28.0
581,2011-01-26,1,0,1,11,False,3,3,0.22,0.197,0.93,0.3284,6,35,41.0
582,2011-01-26,1,0,1,12,False,3,3,0.22,0.197,0.93,0.3284,7,41,48.0
583,2011-01-26,1,0,1,13,False,3,3,0.22,0.197,0.93,0.3284,4,43,47.0
584,2011-01-26,1,0,1,14,False,3,3,0.22,0.197,0.93,0.3582,0,36,36.0
585,2011-01-26,1,0,1,15,False,3,3,0.22,0.1818,0.93,0.4627,1,42,43.0
586,2011-01-26,1,0,1,16,False,3,4,0.22,0.197,0.93,0.3284,1,35,36.0
587,2011-01-26,1,0,1,17,False,3,3,0.2,0.1818,0.93,0.3582,0,26,26.0
588,2011-01-27,1,0,1,16,False,4,1,0.22,0.2273,0.55,0.194,1,23,24.0
589,2011-01-27,1,0,1,17,False,4,1,0.22,0.2424,0.55,0.1045,2,82,84.0
590,2011-01-27,1,0,1,18,False,4,1,0.2,0.2273,0.69,0.0896,3,101,104.0
591,2011-01-27,1,0,1,19,False,4,1,0.2,0.2273,0.69,0.0896,3,76,79.0
592,2011-01-27,1,0,1,20,False,4,1,0.18,0.2121,0.74,0.0896,4,55,59.0
593,2011-01-27,1,0,1,21,False,4,1,0.18,0.2121,0.74,0.0896,2,36,38.0
594,2011-01-27,1,0,1,22,False,4,1,0.18,0.2121,0.74,0.0896,0,27,27.0
595,2011-01-27,1,0,1,23,False,4,1,0.18,0.197,0.8,0.1642,0,16,16.0
596,2011-01-28,1,0,1,0,False,5,2,0.2,0.2121,0.75,0.1343,0,9,9.0
597,2011-01-28,1,0,1,1,False,5,2,0.2,0.2121,0.75,0.1343,1,2,3.0
598,2011-01-28,1,0,1,2,False,5,2,0.2,0.2121,0.75,0.1642,0,2,2.0
599,2011-01-28,1,0,1,3,False,5,2,0.2,0.2273,0.75,0.1045,1,0,1.0
600,2011-01-28,1,0,1,5,False,5,2,0.18,0.2121,0.8,0.1045,0,4,4.0
601,2011-01-28,1,0,1,6,False,5,2,0.18,0.197,0.8,0.1343,0,16,16.0
602,2011-01-28,1,0,1,7,False,5,2,0.16,0.197,0.86,0.0896,2,58,60.0
603,2011-01-28,1,0,1,8,False,5,2,0.16,0.197,0.86,0.0896,2,155,157.0
604,2011-01-28,1,0,1,9,False,5,3,0.18,0.2121,0.86,0.0896,6,95,101.0
605,2011-01-28,1,0,1,10,False,5,3,0.18,0.2121,0.86,0.1045,0,49,49.0
606,2011-01-28,1,0,1,11,False,5,3,0.18,0.2121,0.93,0.1045,0,30,30.0
607,2011-01-28,1,0,1,12,False,5,3,0.18,0.2121,0.93,0.1045,1,28,29.0
608,2011-01-28,1,0,1,13,False,5,3,0.18,0.2121,0.93,0.1045,0,31,31.0
609,2011-01-28,1,0,1,14,False,5,3,0.22,0.2727,0.8,0.0,2,36,38.0
610,2011-01-28,1,0,1,15,False,5,2,0.2,0.2576,0.86,0.0,1,40,41.0
620,2011-01-29,1,0,1,1,False,6,1,0.22,0.2273,0.64,0.194,0,20,20.0
621,2011-01-29,1,0,1,2,False,6,1,0.22,0.2273,0.64,0.1642,0,15,15.0
622,2011-01-29,1,0,1,3,False,6,1,0.2,0.2121,0.64,0.1343,3,5,8.0
623,2011-01-29,1,0,1,4,False,6,1,0.16,0.1818,0.69,0.1045,1,2,3.0
624,2011-01-29,1,0,1,6,False,6,1,0.16,0.1818,0.64,0.1343,0,2,2.0
625,2011-01-29,1,0,1,7,False,6,1,0.16,0.1818,0.59,0.1045,1,4,5.0
626,2011-01-29,1,0,1,8,False,6,1,0.18,0.197,0.55,0.1642,3,31,34.0
627,2011-01-29,1,0,1,9,False,6,1,0.18,0.2121,0.59,0.0896,0,34,34.0
628,2011-01-29,1,0,1,10,False,6,2,0.18,0.2121,0.64,0.1045,4,51,55.0
629,2011-01-29,1,0,1,11,False,6,2,0.18,0.197,0.64,0.1343,4,60,64.0
630,2011-01-29,1,0,1,12,False,6,2,0.2,0.197,0.59,0.194,12,66,78.0
631,2011-01-29,1,0,1,13,False,6,2,0.22,0.2273,0.55,0.1642,9,56,65.0
632,2011-01-29,1,0,1,14,False,6,2,0.22,0.2273,0.6,0.1343,10,89,99.0
633,2011-01-29,1,0,1,15,False,6,1,0.22,0.2121,0.69,0.2537,22,98,120.0
634,2011-01-29,1,0,1,16,False,6,1,0.24,0.2424,0.6,0.1642,19,88,107.0
635,2011-01-29,1,0,1,17,False,6,1,0.24,0.2879,0.6,0.0,9,82,91.0
636,2011-01-29,1,0,1,18,False,6,1,0.22,0.2273,0.69,0.1343,9,59,68.0
637,2011-01-29,1,0,1,19,False,6,2,0.22,0.2121,0.69,0.2537,6,52,58.0
638,2011-01-29,1,0,1,20,False,6,1,0.18,0.2121,0.74,0.0896,1,42,43.0
639,2011-01-29,1,0,1,21,False,6,1,0.18,0.2121,0.74,0.0896,1,35,36.0
640,2011-01-29,1,0,1,22,False,6,1,0.16,0.197,0.8,0.0896,4,28,32.0
641,2011-01-29,1,0,1,23,False,6,1,0.16,0.197,0.8,0.0896,3,30,33.0
642,2011-01-30,1,0,1,0,False,0,1,0.16,0.1818,0.8,0.1045,0,33,33.0
643,2011-01-30,1,0,1,1,False,0,1,0.14,0.2121,0.8,0.0,7,22,29.0
644,2011-01-30,1,0,1,2,False,0,1,0.16,0.2273,0.8,0.0,1,10,11.0
645,2011-01-30,1,0,1,3,False,0,1,0.14,0.2121,0.93,0.0,1,7,8.0
646,2011-01-30,1,0,1,4,False,0,1,0.14,0.2121,0.93,0.0,0,1,1.0
647,2011-01-30,1,0,1,5,False,0,1,0.14,0.2121,0.86,0.0,0,3,3.0
648,2011-01-30,1,0,1,7,False,0,1,0.14,0.2121,0.86,0.0,0,3,3.0
649,2011-01-30,1,0,1,8,False,0,2,0.14,0.2121,0.86,0.0,1,11,12.0
650,2011-01-30,1,0,1,9,False,0,2,0.16,0.2273,0.8,0.0,4,34,38.0
651,2011-01-30,1,0,1,10,False,0,2,0.18,0.2424,0.8,0.0,7,57,64.0
652,2011-01-30,1,0,1,11,False,0,1,0.22,0.2727,0.75,0.0,9,50,59.0
653,2011-01-30,1,0,1,12,False,0,1,0.3,0.3182,0.52,0.1045,10,87,97.0
654,2011-01-30,1,0,1,13,False,0,1,0.28,0.2879,0.61,0.1045,13,71,84.0
655,2011-01-30,1,0,1,14,False,0,1,0.28,0.303,0.61,0.0896,18,104,122.0
656,2011-01-30,1,0,1,15,False,0,1,0.3,0.3333,0.56,0.0,14,95,109.0
657,2011-01-30,1,0,1,16,False,0,1,0.3,0.3333,0.56,0.0,19,104,123.0
658,2011-01-30,1,0,1,17,False,0,1,0.3,0.2879,0.56,0.194,6,71,77.0
659,2011-01-30,1,0,1,18,False,0,1,0.26,0.2576,0.65,0.1642,8,57,65.0
660,2011-01-30,1,0,1,19,False,0,1,0.26,0.2576,0.65,0.194,9,46,55.0
661,2011-01-30,1,0,1,20,False,0,2,0.26,0.2727,0.65,0.1045,3,30,33.0
662,2011-01-30,1,0,1,21,False,0,2,0.24,0.2424,0.7,0.1642,3,25,28.0
663,2011-01-30,1,0,1,22,False,0,2,0.24,0.2273,0.7,0.194,2,19,21.0
664,2011-01-30,1,0,1,23,False,0,2,0.24,0.2121,0.65,0.2836,5,16,21.0
665,2011-01-31,1,0,1,0,False,1,2,0.24,0.2273,0.65,0.2239,1,6,7.0
666,2011-01-31,1,0,1,1,False,1,1,0.22,0.2121,0.64,0.2537,2,5,7.0
667,2011-01-31,1,0,1,2,False,1,1,0.22,0.2273,0.64,0.194,0,1,1.0
668,2011-01-31,1,0,1,3,False,1,1,0.22,0.2273,0.64,0.194,0,2,2.0
669,2011-01-31,1,0,1,4,False,1,1,0.2,0.197,0.59,0.2239,0,2,2.0
670,2011-01-31,1,0,1,5,False,1,1,0.18,0.1667,0.64,0.2836,0,8,8.0
671,2011-01-31,1,0,1,6,False,1,1,0.16,0.1364,0.69,0.3284,0,37,37.0
672,2011-01-31,1,0,1,7,False,1,2,0.16,0.1364,0.64,0.2836,1,71,72.0
673,2011-01-31,1,0,1,8,False,1,2,0.16,0.1364,0.59,0.2836,3,182,49.0
674,2011-01-31,1,0,1,9,False,1,2,0.16,0.1364,0.59,0.2985,0,112,112.0
675,2011-01-31,1,0,1,10,False,1,2,0.16,0.1515,0.59,0.194,1,68,69.0
676,2011-01-31,1,0,1,11,False,1,2,0.16,0.1515,0.59,0.194,2,46,48.0
677,2011-01-31,1,0,1,12,False,1,2,0.18,0.2121,0.55,0.1045,6,62,68.0
678,2011-01-31,1,0,1,13,False,1,2,0.16,0.2273,0.59,0.0,2,52,54.0
679,2011-01-31,1,0,1,14,False,1,2,0.18,0.197,0.55,0.1343,1,85,86.0
680,2011-01-31,1,0,1,15,False,1,2,0.16,0.1818,0.59,0.1343,3,41,44.0
681,2011-01-31,1,0,1,16,False,1,2,0.16,0.1818,0.56,0.194,3,83,86.0
682,2011-01-31,1,0,1,17,False,1,2,0.16,0.1515,0.59,0.194,6,155,161.0
683,2011-01-31,1,0,1,18,False,1,2,0.16,0.1515,0.55,0.2239,3,153,156.0
684,2011-01-31,1,0,1,19,False,1,1,0.3,0.3182,0.61,0.1045,3,108,111.0
685,2011-01-31,1,0,1,20,False,1,3,0.16,0.1667,0.59,0.1642,0,78,78.0
686,2011-01-31,1,0,1,21,False,1,3,0.16,0.197,0.59,0.0896,3,53,56.0
687,2011-01-31,1,0,1,22,False,1,2,0.16,0.1818,0.59,0.1045,0,34,34.0
688,2011-01-31,1,0,1,23,False,1,2,0.16,0.197,0.64,0.0896,2,15,17.0
689,2011-02-01,1,0,2,0,False,2,2,0.16,0.1818,0.64,0.1045,2,6,8.0
690,2011-02-01,1,0,2,1,False,2,2,0.16,0.1818,0.69,0.1045,0,3,3.0
691,2011-02-01,1,0,2,2,False,2,2,0.16,0.2273,0.69,0.0,0,2,2.0
692,2011-02-01,1,0,2,3,False,2,2,0.16,0.2273,0.69,0.0,0,2,2.0
693,2011-02-01,1,0,2,5,False,2,3,0.14,0.2121,0.93,0.0,0,3,3.0
694,2011-02-01,1,0,2,6,False,2,3,0.14,0.2121,0.93,0.0,0,22,22.0
695,2011-02-01,1,0,2,7,False,2,3,0.16,0.2273,0.93,0.0,0,52,52.0
696,2011-02-01,1,0,2,8,False,2,3,0.16,0.2273,0.93,0.0,3,132,135.0
697,2011-02-01,1,0,2,9,False,2,2,0.16,0.2273,0.93,0.0,2,114,116.0
698,2011-02-01,1,0,2,10,False,2,2,0.16,0.2273,0.93,0.0,0,47,47.0
699,2011-02-01,1,0,2,11,False,2,2,0.18,0.2424,0.86,0.0,2,49,51.0
700,2011-02-01,1,0,2,12,False,2,2,0.2,0.2576,0.86,0.0,2,53,55.0
701,2011-02-01,1,0,2,13,False,2,2,0.2,0.2576,0.86,0.0,3,49,52.0
702,2011-02-01,1,0,2,14,False,2,2,0.22,0.2576,0.8,0.0896,5,49,54.0
703,2011-02-01,1,0,2,15,False,2,2,0.24,0.2879,0.75,0.0,7,45,52.0
704,2011-02-01,1,0,2,16,False,2,2,0.24,0.2424,0.75,0.1343,3,61,64.0
705,2011-02-01,1,0,2,17,False,2,2,0.24,0.2879,0.75,0.0,4,172,176.0
706,2011-02-01,1,0,2,18,False,2,2,0.24,0.2576,0.81,0.1045,3,165,168.0
707,2011-02-01,1,0,2,19,False,2,2,0.24,0.2424,0.81,0.1343,3,105,108.0
708,2011-02-01,1,0,2,20,False,2,2,0.22,0.2273,0.87,0.1343,5,69,74.0
709,2011-02-01,1,0,2,21,False,2,2,0.22,0.2273,0.87,0.1343,0,64,64.0
710,2011-02-01,1,0,2,22,False,2,2,0.22,0.2576,0.87,0.0896,2,34,36.0
711,2011-02-01,1,0,2,23,False,2,3,0.2,0.197,0.93,0.194,1,15,16.0
712,2011-02-02,1,0,2,0,False,3,3,0.22,0.2424,0.93,0.1045,0,2,2.0
713,2011-02-02,1,0,2,1,False,3,3,0.22,0.2273,0.93,0.194,0,3,3.0
714,2011-02-02,1,0,2,2,False,3,3,0.22,0.2273,0.93,0.1343,4,0,4.0
715,2011-02-02,1,0,2,3,False,3,3,0.22,0.2273,0.93,0.1343,0,1,1.0
716,2011-02-02,1,0,2,4,False,3,3,0.22,0.2121,0.93,0.2836,0,1,1.0
717,2011-02-02,1,0,2,5,False,3,3,0.22,0.2424,0.93,0.1045,0,3,3.0
718,2011-02-02,1,0,2,6,False,3,3,0.22,0.2424,0.93,0.1045,1,17,18.0
719,2011-02-02,1,0,2,7,False,3,3,0.22,0.2121,0.93,0.2239,1,48,49.0
720,2011-02-02,1,0,2,8,False,3,3,0.22,0.2121,0.93,0.2239,1,154,155.0
721,2011-02-02,1,0,2,9,False,3,2,0.24,0.2576,0.93,0.0896,4,119,123.0
722,2011-02-02,1,0,2,10,False,3,2,0.22,0.2727,1.0,0.0,2,59,61.0
723,2011-02-02,1,0,2,11,False,3,2,0.24,0.2273,0.93,0.194,5,47,52.0
724,2011-02-02,1,0,2,12,False,3,2,0.24,0.2273,0.93,0.2239,3,61,64.0
725,2011-02-02,1,0,2,13,False,3,1,0.34,0.3333,0.93,0.1642,1,74,75.0
726,2011-02-02,1,0,2,14,False,3,1,0.38,0.3939,0.82,0.3881,2,61,63.0
727,2011-02-02,1,0,2,15,False,3,1,0.38,0.3939,0.76,0.3284,10,66,76.0
728,2011-02-02,1,0,2,16,False,3,1,0.36,0.3333,0.71,0.2985,8,95,103.0
729,2011-02-02,1,0,2,17,False,3,1,0.36,0.3182,0.53,0.5224,7,183,49.0
730,2011-02-02,1,0,2,18,False,3,1,0.34,0.2879,0.42,0.5522,7,175,182.0
731,2011-02-02,1,0,2,19,False,3,1,0.28,0.2424,0.45,0.4925,3,88,91.0
732,2011-02-02,1,0,2,20,False,3,1,0.24,0.197,0.48,0.5522,4,71,75.0
733,2011-02-02,1,0,2,21,False,3,1,0.22,0.197,0.47,0.3284,1,62,63.0
734,2011-02-02,1,0,2,22,False,3,1,0.22,0.2121,0.44,0.2537,5,35,40.0
735,2011-02-02,1,0,2,23,False,3,1,0.2,0.1667,0.44,0.4478,3,29,32.0
736,2011-02-03,1,0,2,0,False,4,1,0.2,0.1667,0.4,0.4478,1,11,12.0
737,2011-02-03,1,0,2,1,False,4,1,0.2,0.1515,0.44,0.5224,0,5,5.0
738,2011-02-03,1,0,2,2,False,4,1,0.18,0.1667,0.43,0.2537,0,2,2.0
739,2011-02-03,1,0,2,3,False,4,1,0.18,0.1667,0.43,0.2537,0,1,1.0
740,2011-02-03,1,0,2,5,False,4,1,0.16,0.1364,0.5,0.2985,0,2,2.0
741,2011-02-03,1,0,2,6,False,4,1,0.16,0.1364,0.43,0.3582,0,39,39.0
742,2011-02-03,1,0,2,7,False,4,1,0.14,0.1212,0.5,0.3284,1,86,87.0
743,2011-02-03,1,0,2,8,False,4,1,0.14,0.1212,0.5,0.3582,4,184,49.0
744,2011-02-03,1,0,2,9,False,4,1,0.16,0.1364,0.47,0.2985,6,127,133.0
745,2011-02-03,1,0,2,10,False,4,1,0.18,0.1515,0.43,0.3284,2,50,52.0
746,2011-02-03,1,0,2,11,False,4,1,0.18,0.1364,0.43,0.4478,9,55,64.0
747,2011-02-03,1,0,2,12,False,4,1,0.2,0.1818,0.4,0.3582,2,67,69.0
748,2011-02-03,1,0,2,13,False,4,1,0.2,0.1667,0.4,0.4179,4,47,51.0
749,2011-02-03,1,0,2,14,False,4,1,0.22,0.197,0.37,0.3881,4,43,47.0
750,2011-02-03,1,0,2,15,False,4,1,0.22,0.197,0.37,0.3284,4,56,60.0
751,2011-02-03,1,0,2,16,False,4,1,0.22,0.2121,0.37,0.2537,5,73,78.0
752,2011-02-03,1,0,2,17,False,4,1,0.2,0.197,0.4,0.194,5,170,175.0
753,2011-02-03,1,0,2,18,False,4,1,0.2,0.2121,0.4,0.1642,2,145,147.0
754,2011-02-03,1,0,2,19,False,4,1,0.2,0.2576,0.4,0.0,4,92,96.0
755,2011-02-03,1,0,2,20,False,4,1,0.2,0.2273,0.47,0.0896,1,108,109.0
756,2011-02-03,1,0,2,21,False,4,1,0.18,0.2121,0.55,0.1045,1,53,54.0
757,2011-02-03,1,0,2,22,False,4,1,0.18,0.2121,0.51,0.0896,2,39,41.0
758,2011-02-03,1,0,2,23,False,4,1,0.2,0.2273,0.47,0.1045,4,34,38.0
759,2011-02-04,1,0,2,0,False,5,2,0.2,0.2576,0.44,0.0,3,10,13.0
760,2011-02-04,1,0,2,1,False,5,2,0.16,0.2273,0.59,0.0,0,7,7.0
761,2011-02-04,1,0,2,2,False,5,2,0.14,0.1667,0.63,0.1045,0,1,1.0
762,2011-02-04,1,0,2,3,False,5,2,0.14,0.1667,0.63,0.1045,0,1,1.0
763,2011-02-04,1,0,2,5,False,5,2,0.14,0.1515,0.63,0.1343,0,7,7.0
764,2011-02-04,1,0,2,6,False,5,2,0.16,0.2273,0.55,0.0,2,26,28.0
765,2011-02-04,1,0,2,7,False,5,1,0.14,0.2121,0.59,0.0,0,87,87.0
766,2011-02-04,1,0,2,8,False,5,1,0.14,0.1515,0.74,0.1343,3,217,49.0
767,2011-02-04,1,0,2,9,False,5,2,0.16,0.1818,0.8,0.1343,3,124,127.0
768,2011-02-04,1,0,2,10,False,5,2,0.2,0.2121,0.51,0.1343,5,46,51.0
769,2011-02-04,1,0,2,11,False,5,1,0.22,0.2273,0.51,0.1642,3,61,64.0
770,2011-02-04,1,0,2,12,False,5,2,0.24,0.2424,0.48,0.1642,8,78,86.0
771,2011-02-04,1,0,2,13,False,5,2,0.26,0.2576,0.5,0.2239,9,73,82.0
772,2011-02-04,1,0,2,14,False,5,2,0.28,0.2727,0.45,0.1642,15,76,91.0
773,2011-02-04,1,0,2,15,False,5,2,0.28,0.2727,0.48,0.2537,9,81,90.0
774,2011-02-04,1,0,2,16,False,5,2,0.3,0.2879,0.42,0.2239,8,91,99.0
775,2011-02-04,1,0,2,17,False,5,2,0.26,0.2727,0.56,0.1343,10,195,49.0
776,2011-02-04,1,0,2,18,False,5,2,0.24,0.2576,0.6,0.1045,3,152,155.0
777,2011-02-04,1,0,2,19,False,5,2,0.24,0.2424,0.65,0.1343,1,102,103.0
778,2011-02-04,1,0,2,20,False,5,2,0.24,0.2424,0.65,0.1642,2,69,71.0
779,2011-02-04,1,0,2,21,False,5,2,0.24,0.2424,0.7,0.1642,2,41,43.0
780,2011-02-04,1,0,2,22,False,5,2,0.24,0.2424,0.65,0.1642,1,45,46.0
781,2011-02-04,1,0,2,23,False,5,2,0.24,0.2424,0.7,0.1343,1,30,31.0
782,2011-02-05,1,0,2,0,False,6,2,0.24,0.2424,0.7,0.1642,3,36,39.0
783,2011-02-05,1,0,2,1,False,6,2,0.24,0.2424,0.65,0.1642,1,17,18.0
784,2011-02-05,1,0,2,2,False,6,2,0.24,0.2424,0.75,0.1642,5,12,17.0
785,2011-02-05,1,0,2,3,False,6,2,0.24,0.2424,0.75,0.1642,1,10,11.0
786,2011-02-05,1,0,2,4,False,6,3,0.22,0.2273,0.93,0.1343,0,8,8.0
787,2011-02-05,1,0,2,5,False,6,3,0.2,0.2273,1.0,0.0896,0,9,9.0
788,2011-02-05,1,0,2,6,False,6,3,0.2,0.2576,1.0,0.0,0,4,4.0
789,2011-02-05,1,0,2,7,False,6,3,0.22,0.2576,0.93,0.0896,0,4,4.0
790,2011-02-05,1,0,2,8,False,6,3,0.2,0.2273,1.0,0.0896,0,10,10.0
791,2011-02-05,1,0,2,9,False,6,3,0.2,0.2273,1.0,0.0896,3,17,20.0
792,2011-02-05,1,0,2,10,False,6,3,0.2,0.2121,1.0,0.1343,3,31,34.0
793,2011-02-05,1,0,2,11,False,6,3,0.22,0.2273,1.0,0.1343,1,46,47.0
794,2011-02-05,1,0,2,12,False,6,3,0.22,0.2273,1.0,0.1642,10,42,52.0
795,2011-02-05,1,0,2,13,False,6,3,0.22,0.2273,1.0,0.1642,10,62,72.0
796,2011-02-05,1,0,2,14,False,6,3,0.22,0.2727,1.0,0.0,5,50,55.0
797,2011-02-05,1,0,2,15,False,6,3,0.22,0.2727,1.0,0.0,11,49,60.0
798,2011-02-05,1,0,2,16,False,6,3,0.22,0.2273,1.0,0.1343,8,63,71.0
799,2011-02-05,1,0,2,17,False,6,2,0.24,0.2121,1.0,0.2836,14,64,78.0
800,2011-02-05,1,0,2,18,False,6,2,0.28,0.2424,0.93,0.4478,2,81,83.0
801,2011-02-05,1,0,2,19,False,6,2,0.28,0.2424,0.93,0.4478,6,78,84.0
802,2011-02-05,1,0,2,20,False,6,1,0.3,0.2879,0.87,0.2537,5,64,69.0
803,2011-02-05,1,0,2,21,False,6,1,0.26,0.2576,1.0,0.194,3,53,56.0
804,2011-02-05,1,0,2,22,False,6,1,0.26,0.2727,0.93,0.1343,2,43,45.0
805,2011-02-05,1,0,2,23,False,6,1,0.26,0.2576,0.93,0.2239,7,52,59.0
806,2011-02-06,1,0,2,0,False,0,1,0.26,0.2576,0.7,0.194,2,37,39.0
807,2011-02-06,1,0,2,1,False,0,1,0.26,0.2273,0.65,0.4179,4,40,44.0
808,2011-02-06,1,0,2,2,False,0,1,0.26,0.2273,0.6,0.3284,0,20,20.0
809,2011-02-06,1,0,2,3,False,0,1,0.26,0.2879,0.6,0.0896,3,10,13.0
810,2011-02-06,1,0,2,4,False,0,1,0.26,0.2273,0.6,0.3582,0,2,2.0
811,2011-02-06,1,0,2,5,False,0,1,0.26,0.2576,0.6,0.2239,0,1,1.0
812,2011-02-06,1,0,2,6,False,0,1,0.26,0.2576,0.6,0.2239,0,1,1.0
813,2011-02-06,1,0,2,7,False,0,1,0.24,0.2424,0.65,0.1642,0,8,8.0
814,2011-02-06,1,0,2,8,False,0,1,0.24,0.2576,0.65,0.1045,2,21,23.0
815,2011-02-06,1,0,2,9,False,0,1,0.28,0.2879,0.56,0.1045,7,38,45.0
816,2011-02-06,1,0,2,10,False,0,1,0.3,0.2879,0.52,0.2537,15,74,89.0
817,2011-02-06,1,0,2,11,False,0,1,0.32,0.303,0.49,0.2537,28,89,117.0
818,2011-02-06,1,0,2,12,False,0,1,0.34,0.3333,0.46,0.0,48,126,174.0
819,2011-02-06,1,0,2,13,False,0,1,0.34,0.3636,0.46,0.0,47,135,182.0
820,2011-02-06,1,0,2,14,False,0,1,0.34,0.3485,0.46,0.0896,47,114,161.0
821,2011-02-06,1,0,2,15,False,0,1,0.34,0.3485,0.46,0.0896,52,130,182.0
822,2011-02-06,1,0,2,16,False,0,1,0.34,0.3485,0.49,0.1045,42,115,157.0
823,2011-02-06,1,0,2,17,False,0,1,0.34,0.3636,0.46,0.0,24,97,121.0
824,2011-02-06,1,0,2,18,False,0,1,0.3,0.303,0.56,0.1642,13,65,78.0
825,2011-02-06,1,0,2,19,False,0,1,0.28,0.2879,0.61,0.1343,1,20,21.0
826,2011-02-06,1,0,2,20,False,0,1,0.28,0.2879,0.61,0.1045,5,21,26.0
827,2011-02-06,1,0,2,21,False,0,1,0.26,0.303,0.6,0.0,5,22,27.0
828,2011-02-06,1,0,2,22,False,0,1,0.26,0.303,0.6,0.0,5,57,62.0
829,2011-02-06,1,0,2,23,False,0,1,0.24,0.2879,0.65,0.0,4,26,30.0
830,2011-02-07,1,0,2,0,False,1,1,0.24,0.2879,0.65,0.0,1,14,15.0
831,2011-02-07,1,0,2,1,False,1,1,0.22,0.2727,0.75,0.0,1,4,5.0
832,2011-02-07,1,0,2,2,False,1,1,0.2,0.2576,0.8,0.0,0,3,3.0
833,2011-02-07,1,0,2,3,False,1,1,0.2,0.2576,0.86,0.0,0,1,1.0
834,2011-02-07,1,0,2,4,False,1,1,0.2,0.2576,0.86,0.0,1,1,2.0
835,2011-02-07,1,0,2,5,False,1,1,0.2,0.2576,0.86,0.0,1,9,10.0
836,2011-02-07,1,0,2,6,False,1,1,0.18,0.2424,0.93,0.0,1,29,30.0
837,2011-02-07,1,0,2,7,False,1,1,0.18,0.2424,0.86,0.0,6,89,95.0
838,2011-02-07,1,0,2,8,False,1,2,0.16,0.2273,1.0,0.0,7,223,49.0
839,2011-02-07,1,0,2,9,False,1,1,0.22,0.2727,0.8,0.0,3,115,118.0
840,2011-02-07,1,0,2,10,False,1,1,0.24,0.2576,0.75,0.1045,6,49,55.0
841,2011-02-07,1,0,2,11,False,1,1,0.3,0.3182,0.65,0.0896,11,36,47.0
842,2011-02-07,1,0,2,12,False,1,2,0.32,0.3485,0.62,0.0,7,59,66.0
843,2011-02-07,1,0,2,13,False,1,2,0.36,0.3636,0.57,0.0896,10,54,64.0
844,2011-02-07,1,0,2,14,False,1,2,0.36,0.3636,0.57,0.0896,8,52,60.0
845,2011-02-07,1,0,2,15,False,1,2,0.38,0.3939,0.54,0.0896,4,46,50.0
846,2011-02-07,1,0,2,16,False,1,2,0.36,0.3485,0.57,0.1343,16,98,114.0
847,2011-02-07,1,0,2,17,False,1,2,0.32,0.3182,0.7,0.1642,9,207,49.0
848,2011-02-07,1,0,2,18,False,1,2,0.34,0.3333,0.66,0.1343,5,170,175.0
849,2011-02-07,1,0,2,19,False,1,2,0.32,0.3485,0.7,0.0,5,123,128.0
850,2011-02-07,1,0,2,20,False,1,2,0.32,0.3333,0.7,0.1045,6,82,88.0
851,2011-02-07,1,0,2,21,False,1,1,0.32,0.3485,0.7,0.0,3,75,78.0
852,2011-02-07,1,0,2,22,False,1,1,0.28,0.303,0.81,0.0896,3,34,37.0
853,2011-02-07,1,0,2,23,False,1,2,0.3,0.3333,0.81,0.0,6,19,25.0
854,2011-02-08,1,0,2,0,False,2,2,0.28,0.3182,0.87,0.0,4,6,10.0
855,2011-02-08,1,0,2,1,False,2,2,0.28,0.3182,0.87,0.0,0,4,4.0
856,2011-02-08,1,0,2,2,False,2,2,0.26,0.2727,0.93,0.1045,1,1,2.0
857,2011-02-08,1,0,2,3,False,2,3,0.28,0.2727,0.93,0.1642,0,1,1.0
858,2011-02-08,1,0,2,4,False,2,1,0.26,0.2576,0.93,0.1642,0,3,3.0
859,2011-02-08,1,0,2,5,False,2,1,0.26,0.2273,0.81,0.3284,0,2,2.0
860,2011-02-08,1,0,2,6,False,2,1,0.26,0.2273,0.7,0.3284,0,39,39.0
861,2011-02-08,1,0,2,7,False,2,1,0.24,0.197,0.65,0.4179,3,97,100.0
862,2011-02-08,1,0,2,8,False,2,1,0.24,0.197,0.56,0.4925,7,236,49.0
863,2011-02-08,1,0,2,9,False,2,1,0.24,0.197,0.52,0.4925,7,128,135.0
864,2011-02-08,1,0,2,10,False,2,1,0.22,0.1818,0.47,0.5522,4,44,48.0
865,2011-02-08,1,0,2,11,False,2,1,0.22,0.1818,0.47,0.4627,1,49,50.0
866,2011-02-08,1,0,2,12,False,2,1,0.24,0.197,0.38,0.4925,2,63,65.0
867,2011-02-08,1,0,2,13,False,2,2,0.24,0.197,0.32,0.4478,2,48,50.0
868,2011-02-08,1,0,2,14,False,2,1,0.22,0.197,0.37,0.4179,3,61,64.0
869,2011-02-08,1,0,2,15,False,2,1,0.22,0.197,0.35,0.3881,6,45,51.0
870,2011-02-08,1,0,2,16,False,2,1,0.22,0.1818,0.35,0.5224,4,79,83.0
871,2011-02-08,1,0,2,17,False,2,1,0.22,0.1818,0.32,0.5821,4,172,176.0
872,2011-02-08,1,0,2,18,False,2,1,0.2,0.1818,0.32,0.3881,1,151,152.0
873,2011-02-08,1,0,2,19,False,2,1,0.16,0.1212,0.4,0.4627,1,100,101.0
874,2011-02-08,1,0,2,20,False,2,1,0.16,0.1364,0.4,0.3284,3,53,56.0
875,2011-02-08,1,0,2,21,False,2,1,0.14,0.1061,0.33,0.4627,8,46,54.0
876,2011-02-08,1,0,2,22,False,2,1,0.12,0.1061,0.33,0.3582,0,29,29.0
877,2011-02-08,1,0,2,23,False,2,1,0.12,0.1061,0.33,0.3284,3,9,12.0
878,2011-02-09,1,0,2,0,False,3,1,0.1,0.0758,0.36,0.3582,0,17,17.0
879,2011-02-09,1,0,2,1,False,3,1,0.1,0.1061,0.36,0.2239,0,7,7.0
880,2011-02-09,1,0,2,2,False,3,1,0.08,0.0758,0.38,0.2836,1,2,3.0
881,2011-02-09,1,0,2,3,False,3,1,0.06,0.0758,0.45,0.1343,0,2,2.0
882,2011-02-09,1,0,2,5,False,3,1,0.06,0.1061,0.45,0.1045,0,7,7.0
883,2011-02-09,1,0,2,6,False,3,1,0.06,0.1515,0.45,0.0,0,43,43.0
884,2011-02-09,1,0,2,7,False,3,1,0.06,0.1061,0.49,0.1045,4,95,99.0
885,2011-02-09,1,0,2,8,False,3,1,0.1,0.1364,0.42,0.0,1,198,49.0
886,2011-02-09,1,0,2,9,False,3,1,0.12,0.1364,0.39,0.1642,4,119,123.0
887,2011-02-09,1,0,2,10,False,3,1,0.14,0.1818,0.36,0.0,8,51,59.0
888,2011-02-09,1,0,2,11,False,3,2,0.14,0.1515,0.43,0.1642,1,40,41.0
889,2011-02-09,1,0,2,12,False,3,2,0.18,0.1818,0.4,0.2239,4,57,61.0
890,2011-02-09,1,0,2,13,False,3,1,0.18,0.1667,0.4,0.2537,2,67,69.0
891,2011-02-09,1,0,2,14,False,3,1,0.2,0.1818,0.34,0.2985,2,56,58.0
892,2011-02-09,1,0,2,15,False,3,2,0.2,0.1818,0.34,0.2836,3,61,64.0
893,2011-02-09,1,0,2,16,False,3,2,0.2,0.197,0.37,0.2537,7,72,79.0
894,2011-02-09,1,0,2,17,False,3,2,0.2,0.197,0.34,0.2537,9,157,166.0
895,2011-02-09,1,0,2,18,False,3,2,0.18,0.1667,0.47,0.2985,2,168,170.0
896,2011-02-09,1,0,2,19,False,3,3,0.14,0.1212,0.86,0.2537,1,87,88.0
897,2011-02-09,1,0,2,20,False,3,3,0.14,0.1515,0.86,0.1642,0,84,84.0
898,2011-02-09,1,0,2,21,False,3,2,0.14,0.1515,0.86,0.1642,0,83,83.0
899,2011-02-09,1,0,2,22,False,3,3,0.16,0.1667,0.8,0.1642,4,42,46.0
900,2011-02-09,1,0,2,23,False,3,3,0.16,0.1515,0.8,0.194,0,37,37.0
901,2011-02-10,1,0,2,0,False,4,3,0.14,0.1364,0.86,0.194,0,16,16.0
902,2011-02-10,1,0,2,1,False,4,3,0.14,0.1515,0.8,0.1343,0,7,7.0
903,2011-02-10,1,0,2,2,False,4,3,0.14,0.1515,0.8,0.1343,0,3,3.0
904,2011-02-10,1,0,2,4,False,4,2,0.14,0.1364,0.59,0.2239,0,1,1.0
905,2011-02-10,1,0,2,5,False,4,2,0.12,0.1212,0.5,0.2239,0,6,6.0
906,2011-02-10,1,0,2,6,False,4,2,0.12,0.1212,0.54,0.2836,0,26,26.0
907,2011-02-10,1,0,2,7,False,4,1,0.1,0.0758,0.5,0.4179,0,99,99.0
908,2011-02-10,1,0,2,8,False,4,1,0.1,0.0758,0.49,0.3284,5,173,178.0
909,2011-02-10,1,0,2,9,False,4,1,0.12,0.1061,0.42,0.3582,1,121,122.0
910,2011-02-10,1,0,2,10,False,4,1,0.12,0.1061,0.42,0.2985,1,34,35.0
911,2011-02-10,1,0,2,11,False,4,1,0.14,0.1212,0.39,0.3582,1,44,45.0
912,2011-02-10,1,0,2,12,False,4,1,0.16,0.1364,0.34,0.3881,4,65,69.0
913,2011-02-10,1,0,2,13,False,4,1,0.18,0.1667,0.29,0.2985,3,59,62.0
914,2011-02-10,1,0,2,14,False,4,1,0.2,0.1818,0.27,0.2836,6,42,48.0
915,2011-02-10,1,0,2,15,False,4,1,0.2,0.197,0.25,0.2537,0,50,50.0
916,2011-02-10,1,0,2,16,False,4,1,0.2,0.1818,0.27,0.2985,4,76,80.0
917,2011-02-10,1,0,2,17,False,4,1,0.18,0.1818,0.26,0.194,6,159,165.0
918,2011-02-10,1,0,2,18,False,4,1,0.16,0.1818,0.28,0.1343,3,157,160.0
919,2011-02-10,1,0,2,19,False,4,1,0.14,0.1667,0.28,0.1045,2,110,112.0
920,2011-02-10,1,0,2,20,False,4,1,0.14,0.1818,0.31,0.0896,4,93,97.0
921,2011-02-10,1,0,2,21,False,4,1,0.14,0.2121,0.39,0.0,2,70,72.0
922,2011-02-10,1,0,2,22,False,4,1,0.12,0.197,0.39,0.0,4,47,51.0
923,2011-02-10,1,0,2,23,False,4,1,0.12,0.1515,0.42,0.1045,1,33,34.0
924,2011-02-11,1,0,2,0,False,5,1,0.1,0.1364,0.49,0.1045,2,12,14.0
925,2011-02-11,1,0,2,1,False,5,1,0.1,0.1364,0.54,0.0896,1,6,7.0
926,2011-02-11,1,0,2,2,False,5,1,0.1,0.1364,0.54,0.0896,0,3,3.0
927,2011-02-11,1,0,2,5,False,5,1,0.08,0.1212,0.63,0.0896,0,4,4.0
928,2011-02-11,1,0,2,6,False,5,1,0.1,0.1818,0.68,0.0,1,23,24.0
929,2011-02-11,1,0,2,7,False,5,1,0.08,0.1667,0.73,0.0,1,73,74.0
930,2011-02-11,1,0,2,8,False,5,1,0.1,0.1212,0.74,0.1642,4,212,49.0
931,2011-02-11,1,0,2,9,False,5,1,0.12,0.1212,0.74,0.2239,8,132,140.0
932,2011-02-11,1,0,2,10,False,5,1,0.14,0.1364,0.69,0.194,5,39,44.0
933,2011-02-11,1,0,2,11,False,5,1,0.22,0.2273,0.47,0.1343,12,52,64.0
934,2011-02-11,1,0,2,12,False,5,1,0.22,0.2273,0.47,0.1343,7,64,71.0
935,2011-02-11,1,0,2,13,False,5,1,0.24,0.2273,0.35,0.194,21,89,110.0
936,2011-02-11,1,0,2,14,False,5,1,0.3,0.2879,0.26,0.2537,17,67,84.0
937,2011-02-11,1,0,2,15,False,5,1,0.32,0.3182,0.21,0.1642,12,62,74.0
938,2011-02-11,1,0,2,16,False,5,1,0.3,0.2879,0.28,0.194,14,111,125.0
939,2011-02-11,1,0,2,17,False,5,1,0.3,0.3333,0.24,0.0,18,193,49.0
940,2011-02-11,1,0,2,18,False,5,1,0.28,0.3182,0.28,0.0,9,165,174.0
941,2011-02-11,1,0,2,19,False,5,1,0.26,0.303,0.33,0.0,7,94,101.0
942,2011-02-11,1,0,2,20,False,5,1,0.22,0.2273,0.55,0.1343,2,61,63.0
943,2011-02-11,1,0,2,21,False,5,1,0.2,0.2121,0.59,0.1343,1,46,47.0
944,2011-02-11,1,0,2,22,False,5,1,0.2,0.2273,0.64,0.0896,2,41,43.0
945,2011-02-11,1,0,2,23,False,5,1,0.18,0.2424,0.69,0.0,5,48,53.0
946,2011-02-12,1,0,2,0,False,6,1,0.16,0.197,0.69,0.0896,3,27,30.0
947,2011-02-12,1,0,2,1,False,6,1,0.14,0.2121,0.86,0.0,2,22,24.0
948,2011-02-12,1,0,2,2,False,6,1,0.14,0.2121,0.8,0.0,2,13,15.0
949,2011-02-12,1,0,2,3,False,6,1,0.12,0.197,0.8,0.0,3,7,10.0
950,2011-02-12,1,0,2,4,False,6,1,0.12,0.1667,0.74,0.0896,0,4,4.0
951,2011-02-12,1,0,2,5,False,6,1,0.12,0.1667,0.74,0.0896,0,1,1.0
952,2011-02-12,1,0,2,6,False,6,1,0.12,0.1364,0.93,0.194,1,1,2.0
953,2011-02-12,1,0,2,7,False,6,1,0.12,0.1515,0.8,0.1045,2,9,11.0
954,2011-02-12,1,0,2,8,False,6,1,0.14,0.1515,0.86,0.1343,2,28,30.0
955,2011-02-12,1,0,2,9,False,6,1,0.16,0.1818,0.64,0.1343,5,38,43.0
956,2011-02-12,1,0,2,10,False,6,1,0.22,0.2121,0.41,0.2537,13,71,84.0
957,2011-02-12,1,0,2,11,False,6,1,0.3,0.2727,0.28,0.3284,30,84,114.0
958,2011-02-12,1,0,2,12,False,6,1,0.3,0.2727,0.39,0.4627,27,93,120.0
959,2011-02-12,1,0,2,13,False,6,1,0.3,0.2727,0.39,0.4179,32,103,135.0
960,2011-02-12,1,0,2,14,False,6,1,0.34,0.3182,0.31,0.2836,30,90,120.0
961,2011-02-12,1,0,2,15,False,6,1,0.34,0.303,0.29,0.4179,47,127,174.0
962,2011-02-12,1,0,2,16,False,6,1,0.34,0.303,0.29,0.4179,42,103,145.0
963,2011-02-12,1,0,2,17,False,6,1,0.32,0.2879,0.31,0.5224,24,113,137.0
964,2011-02-12,1,0,2,18,False,6,1,0.28,0.2576,0.38,0.3284,4,60,64.0
965,2011-02-12,1,0,2,19,False,6,1,0.28,0.2727,0.38,0.1642,2,39,41.0
966,2011-02-12,1,0,2,20,False,6,1,0.26,0.2576,0.41,0.2239,1,39,40.0
967,2011-02-12,1,0,2,21,False,6,1,0.26,0.303,0.41,0.0,9,42,51.0
968,2011-02-12,1,0,2,22,False,6,1,0.24,0.2576,0.44,0.0896,6,39,45.0
969,2011-02-12,1,0,2,23,False,6,1,0.22,0.2273,0.51,0.1343,1,31,32.0
970,2011-02-13,1,0,2,0,False,0,1,0.2,0.2273,0.64,0.1045,5,34,39.0
971,2011-02-13,1,0,2,1,False,0,1,0.2,0.2273,0.59,0.0896,1,23,24.0
972,2011-02-13,1,0,2,2,False,0,2,0.2,0.2273,0.75,0.0896,1,19,20.0
973,2011-02-13,1,0,2,3,False,0,2,0.2,0.2273,0.69,0.1045,4,8,12.0
974,2011-02-13,1,0,2,4,False,0,2,0.2,0.2121,0.69,0.1642,0,2,2.0
975,2011-02-13,1,0,2,6,False,0,2,0.2,0.2121,0.69,0.1343,2,3,5.0
976,2011-02-13,1,0,2,7,False,0,2,0.22,0.2727,0.55,0.0,0,3,3.0
977,2011-02-13,1,0,2,8,False,0,2,0.22,0.2273,0.64,0.194,1,11,12.0
978,2011-02-13,1,0,2,9,False,0,2,0.24,0.2273,0.6,0.2239,12,35,47.0
979,2011-02-13,1,0,2,10,False,0,1,0.3,0.2727,0.45,0.3284,19,86,105.0
980,2011-02-13,1,0,2,11,False,0,1,0.32,0.2879,0.39,0.4478,26,86,112.0
981,2011-02-13,1,0,2,12,False,0,1,0.36,0.3182,0.32,0.4627,58,94,152.0
982,2011-02-13,1,0,2,13,False,0,1,0.38,0.3939,0.29,0.3582,62,92,154.0
983,2011-02-13,1,0,2,14,False,0,2,0.4,0.4091,0.3,0.4179,51,110,161.0
984,2011-02-13,1,0,2,15,False,0,2,0.4,0.4091,0.3,0.2985,40,122,162.0
985,2011-02-13,1,0,2,16,False,0,2,0.42,0.4242,0.28,0.3284,28,106,134.0
986,2011-02-13,1,0,2,17,False,0,1,0.42,0.4242,0.28,0.3284,30,95,125.0
987,2011-02-13,1,0,2,18,False,0,1,0.4,0.4091,0.32,0.2985,17,78,95.0
988,2011-02-13,1,0,2,19,False,0,1,0.4,0.4091,0.35,0.2836,11,50,61.0
989,2011-02-13,1,0,2,20,False,0,1,0.4,0.4091,0.35,0.3284,15,32,47.0
990,2011-02-13,1,0,2,21,False,0,1,0.4,0.4091,0.35,0.3582,6,45,51.0
991,2011-02-13,1,0,2,22,False,0,1,0.4,0.4091,0.35,0.2985,5,31,36.0
992,2011-02-13,1,0,2,23,False,0,1,0.4,0.4091,0.35,0.3582,3,27,30.0
993,2011-02-14,1,0,2,0,False,1,1,0.38,0.3939,0.37,0.3582,3,8,11.0
994,2011-02-14,1,0,2,1,False,1,1,0.38,0.3939,0.37,0.3582,1,6,7.0
995,2011-02-14,1,0,2,2,False,1,1,0.36,0.3333,0.4,0.2985,0,2,2.0
996,2011-02-14,1,0,2,3,False,1,1,0.34,0.3182,0.46,0.2239,1,1,2.0
997,2011-02-14,1,0,2,4,False,1,1,0.32,0.303,0.53,0.2836,0,2,2.0
998,2011-02-14,1,0,2,5,False,1,1,0.32,0.303,0.53,0.2836,0,3,3.0
999,2011-02-14,1,0,2,6,False,1,1,0.34,0.303,0.46,0.2985,1,25,26.0
1000,2011-02-14,1,0,2,7,False,1,1,0.34,0.303,0.46,0.2985,2,96,98.0
611,2011-01-28,1,0,1,16,False,5,1,0.22,0.2727,0.8,0.0,10,70,80.0
612,2011-01-28,1,0,1,17,False,5,1,0.24,0.2424,0.75,0.1343,2,147,149.0
613,2011-01-28,1,0,1,18,False,5,1,0.24,0.2273,0.75,0.194,2,107,109.0
614,2011-01-28,1,0,1,19,False,5,2,0.24,0.2424,0.75,0.1343,5,84,89.0
615,2011-01-28,1,0,1,20,False,5,2,0.24,0.2273,0.7,0.194,1,61,62.0
616,2011-01-28,1,0,1,21,False,5,2,0.22,0.2273,0.75,0.1343,1,57,58.0
617,2011-01-28,1,0,1,22,False,5,1,0.24,0.2121,0.65,0.3582,0,26,26.0
618,2011-01-28,1,0,1,23,False,5,1,0.24,0.2273,0.6,0.2239,1,22,23.0
619,2011-01-29,1,0,1,0,False,6,1,0.22,0.197,0.64,0.3582,2,26,28.0
